/*
SQLyog Ultimate v10.00 Beta1
MySQL - 5.5.27 : Database - lithefzj_exam
*********************************************************************
*/

/*!40101 SET NAMES utf8 */;

/*!40101 SET SQL_MODE=''*/;

/*!40014 SET @OLD_UNIQUE_CHECKS=@@UNIQUE_CHECKS, UNIQUE_CHECKS=0 */;
/*!40014 SET @OLD_FOREIGN_KEY_CHECKS=@@FOREIGN_KEY_CHECKS, FOREIGN_KEY_CHECKS=0 */;
/*!40101 SET @OLD_SQL_MODE=@@SQL_MODE, SQL_MODE='NO_AUTO_VALUE_ON_ZERO' */;
/*!40111 SET @OLD_SQL_NOTES=@@SQL_NOTES, SQL_NOTES=0 */;
CREATE DATABASE /*!32312 IF NOT EXISTS*/`lithefzj_exam` /*!40100 DEFAULT CHARACTER SET latin1 */;

USE `lithefzj_exam`;

/*Table structure for table `module` */

DROP TABLE IF EXISTS `module`;

CREATE TABLE `module` (
  `id` bigint(20) NOT NULL AUTO_INCREMENT,
  `description` varchar(50) DEFAULT NULL,
  `link` varchar(100) DEFAULT NULL,
  `category_id` int(10) DEFAULT NULL,
  `group` int(10) DEFAULT NULL,
  `icon` varchar(50) DEFAULT NULL,
  `order` int(10) DEFAULT NULL,
  `is_public` tinyint(1) DEFAULT '0',
  PRIMARY KEY (`id`)
) ENGINE=MyISAM AUTO_INCREMENT=27 DEFAULT CHARSET=latin1;

/*Data for the table `module` */

insert  into `module`(`id`,`description`,`link`,`category_id`,`group`,`icon`,`order`,`is_public`) values (1,'User Access Control','userMatrix',1,NULL,NULL,NULL,0),(2,'User Administration','userMatrix/administration',1,NULL,NULL,NULL,0),(3,'Change Password',NULL,2,NULL,NULL,NULL,1),(8,'Exam Classifications','examclassifications',5,NULL,NULL,NULL,0),(9,'Question Classifications','questionclassifications',5,NULL,NULL,NULL,0),(10,'Scaffolding','userMatrix/scaffolding',1,NULL,NULL,NULL,0),(13,'Manage Question Set','exam',7,NULL,NULL,NULL,0),(23,'Services','FILESERV',5,NULL,NULL,NULL,0),(24,'Faculty Evaluation Schedule','FacultyEvaluation',7,NULL,NULL,NULL,0),(25,'View Results','results',7,NULL,NULL,NULL,0),(26,'Take Evaluation','eStudent/takeEvaluation',7,NULL,NULL,NULL,0);

/*Table structure for table `module_category` */

DROP TABLE IF EXISTS `module_category`;

CREATE TABLE `module_category` (
  `id` bigint(20) NOT NULL AUTO_INCREMENT,
  `description` varchar(50) DEFAULT NULL,
  `icon` varchar(50) DEFAULT NULL,
  `order` int(10) DEFAULT NULL,
  `is_public` tinyint(1) DEFAULT NULL,
  PRIMARY KEY (`id`)
) ENGINE=MyISAM AUTO_INCREMENT=18 DEFAULT CHARSET=latin1;

/*Data for the table `module_category` */

insert  into `module_category`(`id`,`description`,`icon`,`order`,`is_public`) values (1,'USER MATRIX','/images/icons2/hammer_screwdriver.png',4,0),(2,'MY ACCOUNT','/images/icons/user.png',1,1),(3,'FACILITIES','/images/icons/package.png',5,NULL),(4,'MANAGE LIBRARIES','/images/icons/package.png',6,1),(5,'FILEREFERENCE','/images/icons/folder.png',2,0),(7,'APPLICATIONS','/images/icons/application.png',3,1);

/*Table structure for table `module_group` */

DROP TABLE IF EXISTS `module_group`;

CREATE TABLE `module_group` (
  `id` bigint(20) NOT NULL AUTO_INCREMENT,
  `description` varchar(100) DEFAULT NULL,
  PRIMARY KEY (`id`)
) ENGINE=MyISAM AUTO_INCREMENT=4 DEFAULT CHARSET=latin1;

/*Data for the table `module_group` */

insert  into `module_group`(`id`,`description`) values (1,'Super User'),(2,'Student'),(3,'Pmms.staff');

/*Table structure for table `module_group_access` */

DROP TABLE IF EXISTS `module_group_access`;

CREATE TABLE `module_group_access` (
  `id` bigint(20) NOT NULL AUTO_INCREMENT,
  `group_id` int(20) DEFAULT NULL,
  `module_id` int(20) DEFAULT NULL,
  PRIMARY KEY (`id`)
) ENGINE=MyISAM AUTO_INCREMENT=20 DEFAULT CHARSET=latin1;

/*Data for the table `module_group_access` */

insert  into `module_group_access`(`id`,`group_id`,`module_id`) values (1,1,1),(2,1,2),(3,1,4),(4,2,4),(5,1,5),(6,3,5),(7,3,4),(8,1,6),(9,1,8),(10,1,9),(11,1,10),(12,1,11),(13,1,23),(14,1,13),(15,1,24),(18,2,26),(19,1,26);

/*Table structure for table `module_group_users` */

DROP TABLE IF EXISTS `module_group_users`;

CREATE TABLE `module_group_users` (
  `id` bigint(20) NOT NULL AUTO_INCREMENT,
  `user_id` int(11) DEFAULT NULL,
  `username` varchar(100) DEFAULT NULL,
  `group_id` int(20) DEFAULT NULL,
  PRIMARY KEY (`id`)
) ENGINE=MyISAM AUTO_INCREMENT=9 DEFAULT CHARSET=latin1;

/*Data for the table `module_group_users` */

insert  into `module_group_users`(`id`,`user_id`,`username`,`group_id`) values (1,1,'darryl.anaud',1),(2,NULL,'richard.base',1),(3,NULL,'maribeth.rivas',1),(4,NULL,'niz.nolasco',1),(5,NULL,'apple.aala',2),(6,NULL,'test.admin',3),(7,NULL,'greg',1),(8,NULL,'gary',1);

/*Table structure for table `question_answers` */

DROP TABLE IF EXISTS `question_answers`;

CREATE TABLE `question_answers` (
  `id` int(11) NOT NULL AUTO_INCREMENT,
  `question_id` int(11) DEFAULT NULL,
  `correct_flag` tinyint(1) DEFAULT NULL,
  PRIMARY KEY (`id`)
) ENGINE=MyISAM DEFAULT CHARSET=latin1;

/*Data for the table `question_answers` */

/*Table structure for table `question_categories` */

DROP TABLE IF EXISTS `question_categories`;

CREATE TABLE `question_categories` (
  `id` int(11) NOT NULL AUTO_INCREMENT,
  `category` varchar(45) DEFAULT NULL,
  `description` varchar(45) DEFAULT NULL,
  PRIMARY KEY (`id`)
) ENGINE=MyISAM DEFAULT CHARSET=latin1;

/*Data for the table `question_categories` */

/*Table structure for table `tbl_faculty_evaluation_answers` */

DROP TABLE IF EXISTS `tbl_faculty_evaluation_answers`;

CREATE TABLE `tbl_faculty_evaluation_answers` (
  `id` int(11) NOT NULL AUTO_INCREMENT,
  `evaluation_id` int(11) DEFAULT NULL,
  `question_id` int(11) DEFAULT NULL,
  `student_id` int(11) DEFAULT NULL,
  `answer` int(11) DEFAULT NULL,
  `answer_text` text,
  `correct_flag` tinyint(1) DEFAULT NULL,
  `date_answered` datetime DEFAULT NULL,
  PRIMARY KEY (`id`)
) ENGINE=MyISAM AUTO_INCREMENT=2761 DEFAULT CHARSET=latin1;

/*Data for the table `tbl_faculty_evaluation_answers` */

insert  into `tbl_faculty_evaluation_answers`(`id`,`evaluation_id`,`question_id`,`student_id`,`answer`,`answer_text`,`correct_flag`,`date_answered`) values (1,1,1,287,40,NULL,NULL,NULL),(2,1,2,287,34,NULL,NULL,NULL),(3,1,3,287,NULL,NULL,NULL,NULL),(4,1,4,287,NULL,NULL,NULL,NULL),(5,1,5,287,NULL,NULL,NULL,NULL),(6,1,6,287,NULL,NULL,NULL,NULL),(7,1,7,287,NULL,NULL,NULL,NULL),(8,1,8,287,NULL,NULL,NULL,NULL),(9,1,9,287,NULL,NULL,NULL,NULL),(10,1,10,287,NULL,NULL,NULL,NULL),(11,1,11,287,NULL,NULL,NULL,NULL),(12,1,12,287,NULL,NULL,NULL,NULL),(13,1,13,287,NULL,NULL,NULL,NULL),(14,1,14,287,NULL,NULL,NULL,NULL),(15,1,15,287,NULL,NULL,NULL,NULL),(16,1,16,287,NULL,NULL,NULL,NULL),(17,1,17,287,NULL,NULL,NULL,NULL),(18,1,18,287,NULL,NULL,NULL,NULL),(19,1,19,287,NULL,NULL,NULL,NULL),(20,1,20,287,NULL,NULL,NULL,NULL),(21,1,21,287,NULL,NULL,NULL,NULL),(22,1,22,287,NULL,NULL,NULL,NULL),(23,1,23,287,NULL,NULL,NULL,NULL),(24,1,24,287,NULL,NULL,NULL,NULL),(25,1,25,287,NULL,NULL,NULL,NULL),(26,1,26,287,NULL,NULL,NULL,NULL),(27,1,27,287,NULL,NULL,NULL,NULL),(28,1,28,287,NULL,NULL,NULL,NULL),(29,1,29,287,NULL,'',NULL,NULL),(30,1,30,287,NULL,'',NULL,NULL),(31,1,1,137,NULL,NULL,NULL,NULL),(32,1,2,137,NULL,NULL,NULL,NULL),(33,1,3,137,NULL,NULL,NULL,NULL),(34,1,4,137,NULL,NULL,NULL,NULL),(35,1,5,137,NULL,NULL,NULL,NULL),(36,1,6,137,NULL,NULL,NULL,NULL),(37,1,7,137,NULL,NULL,NULL,NULL),(38,1,8,137,NULL,NULL,NULL,NULL),(39,1,9,137,NULL,NULL,NULL,NULL),(40,1,10,137,NULL,NULL,NULL,NULL),(41,1,11,137,NULL,NULL,NULL,NULL),(42,1,12,137,NULL,NULL,NULL,NULL),(43,1,13,137,NULL,NULL,NULL,NULL),(44,1,14,137,NULL,NULL,NULL,NULL),(45,1,15,137,NULL,NULL,NULL,NULL),(46,1,16,137,NULL,NULL,NULL,NULL),(47,1,17,137,NULL,NULL,NULL,NULL),(48,1,18,137,NULL,NULL,NULL,NULL),(49,1,19,137,NULL,NULL,NULL,NULL),(50,1,20,137,NULL,NULL,NULL,NULL),(51,1,21,137,NULL,NULL,NULL,NULL),(52,1,22,137,NULL,NULL,NULL,NULL),(53,1,23,137,NULL,NULL,NULL,NULL),(54,1,24,137,NULL,NULL,NULL,NULL),(55,1,25,137,NULL,NULL,NULL,NULL),(56,1,26,137,NULL,NULL,NULL,NULL),(57,1,27,137,NULL,NULL,NULL,NULL),(58,1,28,137,NULL,NULL,NULL,NULL),(59,1,29,137,NULL,NULL,NULL,NULL),(60,1,30,137,NULL,NULL,NULL,NULL),(61,1,1,105,NULL,NULL,NULL,NULL),(62,1,2,105,NULL,NULL,NULL,NULL),(63,1,3,105,NULL,NULL,NULL,NULL),(64,1,4,105,NULL,NULL,NULL,NULL),(65,1,5,105,NULL,NULL,NULL,NULL),(66,1,6,105,NULL,NULL,NULL,NULL),(67,1,7,105,NULL,NULL,NULL,NULL),(68,1,8,105,NULL,NULL,NULL,NULL),(69,1,9,105,NULL,NULL,NULL,NULL),(70,1,10,105,NULL,NULL,NULL,NULL),(71,1,11,105,NULL,NULL,NULL,NULL),(72,1,12,105,NULL,NULL,NULL,NULL),(73,1,13,105,NULL,NULL,NULL,NULL),(74,1,14,105,NULL,NULL,NULL,NULL),(75,1,15,105,NULL,NULL,NULL,NULL),(76,1,16,105,NULL,NULL,NULL,NULL),(77,1,17,105,NULL,NULL,NULL,NULL),(78,1,18,105,NULL,NULL,NULL,NULL),(79,1,19,105,NULL,NULL,NULL,NULL),(80,1,20,105,NULL,NULL,NULL,NULL),(81,1,21,105,NULL,NULL,NULL,NULL),(82,1,22,105,NULL,NULL,NULL,NULL),(83,1,23,105,NULL,NULL,NULL,NULL),(84,1,24,105,NULL,NULL,NULL,NULL),(85,1,25,105,NULL,NULL,NULL,NULL),(86,1,26,105,NULL,NULL,NULL,NULL),(87,1,27,105,NULL,NULL,NULL,NULL),(88,1,28,105,NULL,NULL,NULL,NULL),(89,1,29,105,NULL,NULL,NULL,NULL),(90,1,30,105,NULL,NULL,NULL,NULL),(91,1,1,261,NULL,NULL,NULL,NULL),(92,1,2,261,NULL,NULL,NULL,NULL),(93,1,3,261,NULL,NULL,NULL,NULL),(94,1,4,261,NULL,NULL,NULL,NULL),(95,1,5,261,NULL,NULL,NULL,NULL),(96,1,6,261,NULL,NULL,NULL,NULL),(97,1,7,261,NULL,NULL,NULL,NULL),(98,1,8,261,NULL,NULL,NULL,NULL),(99,1,9,261,NULL,NULL,NULL,NULL),(100,1,10,261,NULL,NULL,NULL,NULL),(101,1,11,261,NULL,NULL,NULL,NULL),(102,1,12,261,NULL,NULL,NULL,NULL),(103,1,13,261,NULL,NULL,NULL,NULL),(104,1,14,261,NULL,NULL,NULL,NULL),(105,1,15,261,NULL,NULL,NULL,NULL),(106,1,16,261,NULL,NULL,NULL,NULL),(107,1,17,261,NULL,NULL,NULL,NULL),(108,1,18,261,NULL,NULL,NULL,NULL),(109,1,19,261,NULL,NULL,NULL,NULL),(110,1,20,261,NULL,NULL,NULL,NULL),(111,1,21,261,NULL,NULL,NULL,NULL),(112,1,22,261,NULL,NULL,NULL,NULL),(113,1,23,261,NULL,NULL,NULL,NULL),(114,1,24,261,NULL,NULL,NULL,NULL),(115,1,25,261,NULL,NULL,NULL,NULL),(116,1,26,261,NULL,NULL,NULL,NULL),(117,1,27,261,NULL,NULL,NULL,NULL),(118,1,28,261,NULL,NULL,NULL,NULL),(119,1,29,261,NULL,NULL,NULL,NULL),(120,1,30,261,NULL,NULL,NULL,NULL),(121,1,1,153,NULL,NULL,NULL,NULL),(122,1,2,153,NULL,NULL,NULL,NULL),(123,1,3,153,NULL,NULL,NULL,NULL),(124,1,4,153,NULL,NULL,NULL,NULL),(125,1,5,153,NULL,NULL,NULL,NULL),(126,1,6,153,NULL,NULL,NULL,NULL),(127,1,7,153,NULL,NULL,NULL,NULL),(128,1,8,153,NULL,NULL,NULL,NULL),(129,1,9,153,NULL,NULL,NULL,NULL),(130,1,10,153,NULL,NULL,NULL,NULL),(131,1,11,153,NULL,NULL,NULL,NULL),(132,1,12,153,NULL,NULL,NULL,NULL),(133,1,13,153,NULL,NULL,NULL,NULL),(134,1,14,153,NULL,NULL,NULL,NULL),(135,1,15,153,NULL,NULL,NULL,NULL),(136,1,16,153,NULL,NULL,NULL,NULL),(137,1,17,153,NULL,NULL,NULL,NULL),(138,1,18,153,NULL,NULL,NULL,NULL),(139,1,19,153,NULL,NULL,NULL,NULL),(140,1,20,153,NULL,NULL,NULL,NULL),(141,1,21,153,NULL,NULL,NULL,NULL),(142,1,22,153,NULL,NULL,NULL,NULL),(143,1,23,153,NULL,NULL,NULL,NULL),(144,1,24,153,NULL,NULL,NULL,NULL),(145,1,25,153,NULL,NULL,NULL,NULL),(146,1,26,153,NULL,NULL,NULL,NULL),(147,1,27,153,NULL,NULL,NULL,NULL),(148,1,28,153,NULL,NULL,NULL,NULL),(149,1,29,153,NULL,NULL,NULL,NULL),(150,1,30,153,NULL,NULL,NULL,NULL),(151,1,1,124,NULL,NULL,NULL,NULL),(152,1,2,124,NULL,NULL,NULL,NULL),(153,1,3,124,NULL,NULL,NULL,NULL),(154,1,4,124,NULL,NULL,NULL,NULL),(155,1,5,124,NULL,NULL,NULL,NULL),(156,1,6,124,NULL,NULL,NULL,NULL),(157,1,7,124,NULL,NULL,NULL,NULL),(158,1,8,124,NULL,NULL,NULL,NULL),(159,1,9,124,NULL,NULL,NULL,NULL),(160,1,10,124,NULL,NULL,NULL,NULL),(161,1,11,124,NULL,NULL,NULL,NULL),(162,1,12,124,NULL,NULL,NULL,NULL),(163,1,13,124,NULL,NULL,NULL,NULL),(164,1,14,124,NULL,NULL,NULL,NULL),(165,1,15,124,NULL,NULL,NULL,NULL),(166,1,16,124,NULL,NULL,NULL,NULL),(167,1,17,124,NULL,NULL,NULL,NULL),(168,1,18,124,NULL,NULL,NULL,NULL),(169,1,19,124,NULL,NULL,NULL,NULL),(170,1,20,124,NULL,NULL,NULL,NULL),(171,1,21,124,NULL,NULL,NULL,NULL),(172,1,22,124,NULL,NULL,NULL,NULL),(173,1,23,124,NULL,NULL,NULL,NULL),(174,1,24,124,NULL,NULL,NULL,NULL),(175,1,25,124,NULL,NULL,NULL,NULL),(176,1,26,124,NULL,NULL,NULL,NULL),(177,1,27,124,NULL,NULL,NULL,NULL),(178,1,28,124,NULL,NULL,NULL,NULL),(179,1,29,124,NULL,NULL,NULL,NULL),(180,1,30,124,NULL,NULL,NULL,NULL),(181,1,1,152,NULL,NULL,NULL,NULL),(182,1,2,152,NULL,NULL,NULL,NULL),(183,1,3,152,NULL,NULL,NULL,NULL),(184,1,4,152,NULL,NULL,NULL,NULL),(185,1,5,152,NULL,NULL,NULL,NULL),(186,1,6,152,NULL,NULL,NULL,NULL),(187,1,7,152,NULL,NULL,NULL,NULL),(188,1,8,152,NULL,NULL,NULL,NULL),(189,1,9,152,NULL,NULL,NULL,NULL),(190,1,10,152,NULL,NULL,NULL,NULL),(191,1,11,152,NULL,NULL,NULL,NULL),(192,1,12,152,NULL,NULL,NULL,NULL),(193,1,13,152,NULL,NULL,NULL,NULL),(194,1,14,152,NULL,NULL,NULL,NULL),(195,1,15,152,NULL,NULL,NULL,NULL),(196,1,16,152,NULL,NULL,NULL,NULL),(197,1,17,152,NULL,NULL,NULL,NULL),(198,1,18,152,NULL,NULL,NULL,NULL),(199,1,19,152,NULL,NULL,NULL,NULL),(200,1,20,152,NULL,NULL,NULL,NULL),(201,1,21,152,NULL,NULL,NULL,NULL),(202,1,22,152,NULL,NULL,NULL,NULL),(203,1,23,152,NULL,NULL,NULL,NULL),(204,1,24,152,NULL,NULL,NULL,NULL),(205,1,25,152,NULL,NULL,NULL,NULL),(206,1,26,152,NULL,NULL,NULL,NULL),(207,1,27,152,NULL,NULL,NULL,NULL),(208,1,28,152,NULL,NULL,NULL,NULL),(209,1,29,152,NULL,NULL,NULL,NULL),(210,1,30,152,NULL,NULL,NULL,NULL),(211,1,1,156,NULL,NULL,NULL,NULL),(212,1,2,156,NULL,NULL,NULL,NULL),(213,1,3,156,NULL,NULL,NULL,NULL),(214,1,4,156,NULL,NULL,NULL,NULL),(215,1,5,156,NULL,NULL,NULL,NULL),(216,1,6,156,NULL,NULL,NULL,NULL),(217,1,7,156,NULL,NULL,NULL,NULL),(218,1,8,156,NULL,NULL,NULL,NULL),(219,1,9,156,NULL,NULL,NULL,NULL),(220,1,10,156,NULL,NULL,NULL,NULL),(221,1,11,156,NULL,NULL,NULL,NULL),(222,1,12,156,NULL,NULL,NULL,NULL),(223,1,13,156,NULL,NULL,NULL,NULL),(224,1,14,156,NULL,NULL,NULL,NULL),(225,1,15,156,NULL,NULL,NULL,NULL),(226,1,16,156,NULL,NULL,NULL,NULL),(227,1,17,156,NULL,NULL,NULL,NULL),(228,1,18,156,NULL,NULL,NULL,NULL),(229,1,19,156,NULL,NULL,NULL,NULL),(230,1,20,156,NULL,NULL,NULL,NULL),(231,1,21,156,NULL,NULL,NULL,NULL),(232,1,22,156,NULL,NULL,NULL,NULL),(233,1,23,156,NULL,NULL,NULL,NULL),(234,1,24,156,NULL,NULL,NULL,NULL),(235,1,25,156,NULL,NULL,NULL,NULL),(236,1,26,156,NULL,NULL,NULL,NULL),(237,1,27,156,NULL,NULL,NULL,NULL),(238,1,28,156,NULL,NULL,NULL,NULL),(239,1,29,156,NULL,NULL,NULL,NULL),(240,1,30,156,NULL,NULL,NULL,NULL),(241,1,1,3691,NULL,NULL,NULL,NULL),(242,1,2,3691,NULL,NULL,NULL,NULL),(243,1,3,3691,NULL,NULL,NULL,NULL),(244,1,4,3691,NULL,NULL,NULL,NULL),(245,1,5,3691,NULL,NULL,NULL,NULL),(246,1,6,3691,NULL,NULL,NULL,NULL),(247,1,7,3691,NULL,NULL,NULL,NULL),(248,1,8,3691,NULL,NULL,NULL,NULL),(249,1,9,3691,NULL,NULL,NULL,NULL),(250,1,10,3691,NULL,NULL,NULL,NULL),(251,1,11,3691,NULL,NULL,NULL,NULL),(252,1,12,3691,NULL,NULL,NULL,NULL),(253,1,13,3691,NULL,NULL,NULL,NULL),(254,1,14,3691,NULL,NULL,NULL,NULL),(255,1,15,3691,NULL,NULL,NULL,NULL),(256,1,16,3691,NULL,NULL,NULL,NULL),(257,1,17,3691,NULL,NULL,NULL,NULL),(258,1,18,3691,NULL,NULL,NULL,NULL),(259,1,19,3691,NULL,NULL,NULL,NULL),(260,1,20,3691,NULL,NULL,NULL,NULL),(261,1,21,3691,NULL,NULL,NULL,NULL),(262,1,22,3691,NULL,NULL,NULL,NULL),(263,1,23,3691,NULL,NULL,NULL,NULL),(264,1,24,3691,NULL,NULL,NULL,NULL),(265,1,25,3691,NULL,NULL,NULL,NULL),(266,1,26,3691,NULL,NULL,NULL,NULL),(267,1,27,3691,NULL,NULL,NULL,NULL),(268,1,28,3691,NULL,NULL,NULL,NULL),(269,1,29,3691,NULL,NULL,NULL,NULL),(270,1,30,3691,NULL,NULL,NULL,NULL),(271,1,1,106,NULL,NULL,NULL,NULL),(272,1,2,106,NULL,NULL,NULL,NULL),(273,1,3,106,NULL,NULL,NULL,NULL),(274,1,4,106,NULL,NULL,NULL,NULL),(275,1,5,106,NULL,NULL,NULL,NULL),(276,1,6,106,NULL,NULL,NULL,NULL),(277,1,7,106,NULL,NULL,NULL,NULL),(278,1,8,106,NULL,NULL,NULL,NULL),(279,1,9,106,NULL,NULL,NULL,NULL),(280,1,10,106,NULL,NULL,NULL,NULL),(281,1,11,106,NULL,NULL,NULL,NULL),(282,1,12,106,NULL,NULL,NULL,NULL),(283,1,13,106,NULL,NULL,NULL,NULL),(284,1,14,106,NULL,NULL,NULL,NULL),(285,1,15,106,NULL,NULL,NULL,NULL),(286,1,16,106,NULL,NULL,NULL,NULL),(287,1,17,106,NULL,NULL,NULL,NULL),(288,1,18,106,NULL,NULL,NULL,NULL),(289,1,19,106,NULL,NULL,NULL,NULL),(290,1,20,106,NULL,NULL,NULL,NULL),(291,1,21,106,NULL,NULL,NULL,NULL),(292,1,22,106,NULL,NULL,NULL,NULL),(293,1,23,106,NULL,NULL,NULL,NULL),(294,1,24,106,NULL,NULL,NULL,NULL),(295,1,25,106,NULL,NULL,NULL,NULL),(296,1,26,106,NULL,NULL,NULL,NULL),(297,1,27,106,NULL,NULL,NULL,NULL),(298,1,28,106,NULL,NULL,NULL,NULL),(299,1,29,106,NULL,NULL,NULL,NULL),(300,1,30,106,NULL,NULL,NULL,NULL),(301,1,1,107,NULL,NULL,NULL,NULL),(302,1,2,107,NULL,NULL,NULL,NULL),(303,1,3,107,NULL,NULL,NULL,NULL),(304,1,4,107,NULL,NULL,NULL,NULL),(305,1,5,107,NULL,NULL,NULL,NULL),(306,1,6,107,NULL,NULL,NULL,NULL),(307,1,7,107,NULL,NULL,NULL,NULL),(308,1,8,107,NULL,NULL,NULL,NULL),(309,1,9,107,NULL,NULL,NULL,NULL),(310,1,10,107,NULL,NULL,NULL,NULL),(311,1,11,107,NULL,NULL,NULL,NULL),(312,1,12,107,NULL,NULL,NULL,NULL),(313,1,13,107,NULL,NULL,NULL,NULL),(314,1,14,107,NULL,NULL,NULL,NULL),(315,1,15,107,NULL,NULL,NULL,NULL),(316,1,16,107,NULL,NULL,NULL,NULL),(317,1,17,107,NULL,NULL,NULL,NULL),(318,1,18,107,NULL,NULL,NULL,NULL),(319,1,19,107,NULL,NULL,NULL,NULL),(320,1,20,107,NULL,NULL,NULL,NULL),(321,1,21,107,NULL,NULL,NULL,NULL),(322,1,22,107,NULL,NULL,NULL,NULL),(323,1,23,107,NULL,NULL,NULL,NULL),(324,1,24,107,NULL,NULL,NULL,NULL),(325,1,25,107,NULL,NULL,NULL,NULL),(326,1,26,107,NULL,NULL,NULL,NULL),(327,1,27,107,NULL,NULL,NULL,NULL),(328,1,28,107,NULL,NULL,NULL,NULL),(329,1,29,107,NULL,NULL,NULL,NULL),(330,1,30,107,NULL,NULL,NULL,NULL),(331,1,1,288,NULL,NULL,NULL,NULL),(332,1,2,288,NULL,NULL,NULL,NULL),(333,1,3,288,NULL,NULL,NULL,NULL),(334,1,4,288,NULL,NULL,NULL,NULL),(335,1,5,288,NULL,NULL,NULL,NULL),(336,1,6,288,NULL,NULL,NULL,NULL),(337,1,7,288,NULL,NULL,NULL,NULL),(338,1,8,288,NULL,NULL,NULL,NULL),(339,1,9,288,NULL,NULL,NULL,NULL),(340,1,10,288,NULL,NULL,NULL,NULL),(341,1,11,288,NULL,NULL,NULL,NULL),(342,1,12,288,NULL,NULL,NULL,NULL),(343,1,13,288,NULL,NULL,NULL,NULL),(344,1,14,288,NULL,NULL,NULL,NULL),(345,1,15,288,NULL,NULL,NULL,NULL),(346,1,16,288,NULL,NULL,NULL,NULL),(347,1,17,288,NULL,NULL,NULL,NULL),(348,1,18,288,NULL,NULL,NULL,NULL),(349,1,19,288,NULL,NULL,NULL,NULL),(350,1,20,288,NULL,NULL,NULL,NULL),(351,1,21,288,NULL,NULL,NULL,NULL),(352,1,22,288,NULL,NULL,NULL,NULL),(353,1,23,288,NULL,NULL,NULL,NULL),(354,1,24,288,NULL,NULL,NULL,NULL),(355,1,25,288,NULL,NULL,NULL,NULL),(356,1,26,288,NULL,NULL,NULL,NULL),(357,1,27,288,NULL,NULL,NULL,NULL),(358,1,28,288,NULL,NULL,NULL,NULL),(359,1,29,288,NULL,NULL,NULL,NULL),(360,1,30,288,NULL,NULL,NULL,NULL),(361,1,1,93,NULL,NULL,NULL,NULL),(362,1,2,93,NULL,NULL,NULL,NULL),(363,1,3,93,NULL,NULL,NULL,NULL),(364,1,4,93,NULL,NULL,NULL,NULL),(365,1,5,93,NULL,NULL,NULL,NULL),(366,1,6,93,NULL,NULL,NULL,NULL),(367,1,7,93,NULL,NULL,NULL,NULL),(368,1,8,93,NULL,NULL,NULL,NULL),(369,1,9,93,NULL,NULL,NULL,NULL),(370,1,10,93,NULL,NULL,NULL,NULL),(371,1,11,93,NULL,NULL,NULL,NULL),(372,1,12,93,NULL,NULL,NULL,NULL),(373,1,13,93,NULL,NULL,NULL,NULL),(374,1,14,93,NULL,NULL,NULL,NULL),(375,1,15,93,NULL,NULL,NULL,NULL),(376,1,16,93,NULL,NULL,NULL,NULL),(377,1,17,93,NULL,NULL,NULL,NULL),(378,1,18,93,NULL,NULL,NULL,NULL),(379,1,19,93,NULL,NULL,NULL,NULL),(380,1,20,93,NULL,NULL,NULL,NULL),(381,1,21,93,NULL,NULL,NULL,NULL),(382,1,22,93,NULL,NULL,NULL,NULL),(383,1,23,93,NULL,NULL,NULL,NULL),(384,1,24,93,NULL,NULL,NULL,NULL),(385,1,25,93,NULL,NULL,NULL,NULL),(386,1,26,93,NULL,NULL,NULL,NULL),(387,1,27,93,NULL,NULL,NULL,NULL),(388,1,28,93,NULL,NULL,NULL,NULL),(389,1,29,93,NULL,NULL,NULL,NULL),(390,1,30,93,NULL,NULL,NULL,NULL),(391,1,1,172,NULL,NULL,NULL,NULL),(392,1,2,172,NULL,NULL,NULL,NULL),(393,1,3,172,NULL,NULL,NULL,NULL),(394,1,4,172,NULL,NULL,NULL,NULL),(395,1,5,172,NULL,NULL,NULL,NULL),(396,1,6,172,NULL,NULL,NULL,NULL),(397,1,7,172,NULL,NULL,NULL,NULL),(398,1,8,172,NULL,NULL,NULL,NULL),(399,1,9,172,NULL,NULL,NULL,NULL),(400,1,10,172,NULL,NULL,NULL,NULL),(401,1,11,172,NULL,NULL,NULL,NULL),(402,1,12,172,NULL,NULL,NULL,NULL),(403,1,13,172,NULL,NULL,NULL,NULL),(404,1,14,172,NULL,NULL,NULL,NULL),(405,1,15,172,NULL,NULL,NULL,NULL),(406,1,16,172,NULL,NULL,NULL,NULL),(407,1,17,172,NULL,NULL,NULL,NULL),(408,1,18,172,NULL,NULL,NULL,NULL),(409,1,19,172,NULL,NULL,NULL,NULL),(410,1,20,172,NULL,NULL,NULL,NULL),(411,1,21,172,NULL,NULL,NULL,NULL),(412,1,22,172,NULL,NULL,NULL,NULL),(413,1,23,172,NULL,NULL,NULL,NULL),(414,1,24,172,NULL,NULL,NULL,NULL),(415,1,25,172,NULL,NULL,NULL,NULL),(416,1,26,172,NULL,NULL,NULL,NULL),(417,1,27,172,NULL,NULL,NULL,NULL),(418,1,28,172,NULL,NULL,NULL,NULL),(419,1,29,172,NULL,NULL,NULL,NULL),(420,1,30,172,NULL,NULL,NULL,NULL),(421,1,1,94,NULL,NULL,NULL,NULL),(422,1,2,94,NULL,NULL,NULL,NULL),(423,1,3,94,NULL,NULL,NULL,NULL),(424,1,4,94,NULL,NULL,NULL,NULL),(425,1,5,94,NULL,NULL,NULL,NULL),(426,1,6,94,NULL,NULL,NULL,NULL),(427,1,7,94,NULL,NULL,NULL,NULL),(428,1,8,94,NULL,NULL,NULL,NULL),(429,1,9,94,NULL,NULL,NULL,NULL),(430,1,10,94,NULL,NULL,NULL,NULL),(431,1,11,94,NULL,NULL,NULL,NULL),(432,1,12,94,NULL,NULL,NULL,NULL),(433,1,13,94,NULL,NULL,NULL,NULL),(434,1,14,94,NULL,NULL,NULL,NULL),(435,1,15,94,NULL,NULL,NULL,NULL),(436,1,16,94,NULL,NULL,NULL,NULL),(437,1,17,94,NULL,NULL,NULL,NULL),(438,1,18,94,NULL,NULL,NULL,NULL),(439,1,19,94,NULL,NULL,NULL,NULL),(440,1,20,94,NULL,NULL,NULL,NULL),(441,1,21,94,NULL,NULL,NULL,NULL),(442,1,22,94,NULL,NULL,NULL,NULL),(443,1,23,94,NULL,NULL,NULL,NULL),(444,1,24,94,NULL,NULL,NULL,NULL),(445,1,25,94,NULL,NULL,NULL,NULL),(446,1,26,94,NULL,NULL,NULL,NULL),(447,1,27,94,NULL,NULL,NULL,NULL),(448,1,28,94,NULL,NULL,NULL,NULL),(449,1,29,94,NULL,NULL,NULL,NULL),(450,1,30,94,NULL,NULL,NULL,NULL),(451,1,1,144,NULL,NULL,NULL,NULL),(452,1,2,144,NULL,NULL,NULL,NULL),(453,1,3,144,NULL,NULL,NULL,NULL),(454,1,4,144,NULL,NULL,NULL,NULL),(455,1,5,144,NULL,NULL,NULL,NULL),(456,1,6,144,NULL,NULL,NULL,NULL),(457,1,7,144,NULL,NULL,NULL,NULL),(458,1,8,144,NULL,NULL,NULL,NULL),(459,1,9,144,NULL,NULL,NULL,NULL),(460,1,10,144,NULL,NULL,NULL,NULL),(461,1,11,144,NULL,NULL,NULL,NULL),(462,1,12,144,NULL,NULL,NULL,NULL),(463,1,13,144,NULL,NULL,NULL,NULL),(464,1,14,144,NULL,NULL,NULL,NULL),(465,1,15,144,NULL,NULL,NULL,NULL),(466,1,16,144,NULL,NULL,NULL,NULL),(467,1,17,144,NULL,NULL,NULL,NULL),(468,1,18,144,NULL,NULL,NULL,NULL),(469,1,19,144,NULL,NULL,NULL,NULL),(470,1,20,144,NULL,NULL,NULL,NULL),(471,1,21,144,NULL,NULL,NULL,NULL),(472,1,22,144,NULL,NULL,NULL,NULL),(473,1,23,144,NULL,NULL,NULL,NULL),(474,1,24,144,NULL,NULL,NULL,NULL),(475,1,25,144,NULL,NULL,NULL,NULL),(476,1,26,144,NULL,NULL,NULL,NULL),(477,1,27,144,NULL,NULL,NULL,NULL),(478,1,28,144,NULL,NULL,NULL,NULL),(479,1,29,144,NULL,NULL,NULL,NULL),(480,1,30,144,NULL,NULL,NULL,NULL),(481,1,1,270,NULL,NULL,NULL,NULL),(482,1,2,270,NULL,NULL,NULL,NULL),(483,1,3,270,NULL,NULL,NULL,NULL),(484,1,4,270,NULL,NULL,NULL,NULL),(485,1,5,270,NULL,NULL,NULL,NULL),(486,1,6,270,NULL,NULL,NULL,NULL),(487,1,7,270,NULL,NULL,NULL,NULL),(488,1,8,270,NULL,NULL,NULL,NULL),(489,1,9,270,NULL,NULL,NULL,NULL),(490,1,10,270,NULL,NULL,NULL,NULL),(491,1,11,270,NULL,NULL,NULL,NULL),(492,1,12,270,NULL,NULL,NULL,NULL),(493,1,13,270,NULL,NULL,NULL,NULL),(494,1,14,270,NULL,NULL,NULL,NULL),(495,1,15,270,NULL,NULL,NULL,NULL),(496,1,16,270,NULL,NULL,NULL,NULL),(497,1,17,270,NULL,NULL,NULL,NULL),(498,1,18,270,NULL,NULL,NULL,NULL),(499,1,19,270,NULL,NULL,NULL,NULL),(500,1,20,270,NULL,NULL,NULL,NULL),(501,1,21,270,NULL,NULL,NULL,NULL),(502,1,22,270,NULL,NULL,NULL,NULL),(503,1,23,270,NULL,NULL,NULL,NULL),(504,1,24,270,NULL,NULL,NULL,NULL),(505,1,25,270,NULL,NULL,NULL,NULL),(506,1,26,270,NULL,NULL,NULL,NULL),(507,1,27,270,NULL,NULL,NULL,NULL),(508,1,28,270,NULL,NULL,NULL,NULL),(509,1,29,270,NULL,NULL,NULL,NULL),(510,1,30,270,NULL,NULL,NULL,NULL),(511,1,1,2795,NULL,NULL,NULL,NULL),(512,1,2,2795,NULL,NULL,NULL,NULL),(513,1,3,2795,NULL,NULL,NULL,NULL),(514,1,4,2795,NULL,NULL,NULL,NULL),(515,1,5,2795,NULL,NULL,NULL,NULL),(516,1,6,2795,NULL,NULL,NULL,NULL),(517,1,7,2795,NULL,NULL,NULL,NULL),(518,1,8,2795,NULL,NULL,NULL,NULL),(519,1,9,2795,NULL,NULL,NULL,NULL),(520,1,10,2795,NULL,NULL,NULL,NULL),(521,1,11,2795,NULL,NULL,NULL,NULL),(522,1,12,2795,NULL,NULL,NULL,NULL),(523,1,13,2795,NULL,NULL,NULL,NULL),(524,1,14,2795,NULL,NULL,NULL,NULL),(525,1,15,2795,NULL,NULL,NULL,NULL),(526,1,16,2795,NULL,NULL,NULL,NULL),(527,1,17,2795,NULL,NULL,NULL,NULL),(528,1,18,2795,NULL,NULL,NULL,NULL),(529,1,19,2795,NULL,NULL,NULL,NULL),(530,1,20,2795,NULL,NULL,NULL,NULL),(531,1,21,2795,NULL,NULL,NULL,NULL),(532,1,22,2795,NULL,NULL,NULL,NULL),(533,1,23,2795,NULL,NULL,NULL,NULL),(534,1,24,2795,NULL,NULL,NULL,NULL),(535,1,25,2795,NULL,NULL,NULL,NULL),(536,1,26,2795,NULL,NULL,NULL,NULL),(537,1,27,2795,NULL,NULL,NULL,NULL),(538,1,28,2795,NULL,NULL,NULL,NULL),(539,1,29,2795,NULL,NULL,NULL,NULL),(540,1,30,2795,NULL,NULL,NULL,NULL),(541,1,1,92,NULL,NULL,NULL,NULL),(542,1,2,92,NULL,NULL,NULL,NULL),(543,1,3,92,NULL,NULL,NULL,NULL),(544,1,4,92,NULL,NULL,NULL,NULL),(545,1,5,92,NULL,NULL,NULL,NULL),(546,1,6,92,NULL,NULL,NULL,NULL),(547,1,7,92,NULL,NULL,NULL,NULL),(548,1,8,92,NULL,NULL,NULL,NULL),(549,1,9,92,NULL,NULL,NULL,NULL),(550,1,10,92,NULL,NULL,NULL,NULL),(551,1,11,92,NULL,NULL,NULL,NULL),(552,1,12,92,NULL,NULL,NULL,NULL),(553,1,13,92,NULL,NULL,NULL,NULL),(554,1,14,92,NULL,NULL,NULL,NULL),(555,1,15,92,NULL,NULL,NULL,NULL),(556,1,16,92,NULL,NULL,NULL,NULL),(557,1,17,92,NULL,NULL,NULL,NULL),(558,1,18,92,NULL,NULL,NULL,NULL),(559,1,19,92,NULL,NULL,NULL,NULL),(560,1,20,92,NULL,NULL,NULL,NULL),(561,1,21,92,NULL,NULL,NULL,NULL),(562,1,22,92,NULL,NULL,NULL,NULL),(563,1,23,92,NULL,NULL,NULL,NULL),(564,1,24,92,NULL,NULL,NULL,NULL),(565,1,25,92,NULL,NULL,NULL,NULL),(566,1,26,92,NULL,NULL,NULL,NULL),(567,1,27,92,NULL,NULL,NULL,NULL),(568,1,28,92,NULL,NULL,NULL,NULL),(569,1,29,92,NULL,NULL,NULL,NULL),(570,1,30,92,NULL,NULL,NULL,NULL),(571,1,1,136,NULL,NULL,NULL,NULL),(572,1,2,136,NULL,NULL,NULL,NULL),(573,1,3,136,NULL,NULL,NULL,NULL),(574,1,4,136,NULL,NULL,NULL,NULL),(575,1,5,136,NULL,NULL,NULL,NULL),(576,1,6,136,NULL,NULL,NULL,NULL),(577,1,7,136,NULL,NULL,NULL,NULL),(578,1,8,136,NULL,NULL,NULL,NULL),(579,1,9,136,NULL,NULL,NULL,NULL),(580,1,10,136,NULL,NULL,NULL,NULL),(581,1,11,136,NULL,NULL,NULL,NULL),(582,1,12,136,NULL,NULL,NULL,NULL),(583,1,13,136,NULL,NULL,NULL,NULL),(584,1,14,136,NULL,NULL,NULL,NULL),(585,1,15,136,NULL,NULL,NULL,NULL),(586,1,16,136,NULL,NULL,NULL,NULL),(587,1,17,136,NULL,NULL,NULL,NULL),(588,1,18,136,NULL,NULL,NULL,NULL),(589,1,19,136,NULL,NULL,NULL,NULL),(590,1,20,136,NULL,NULL,NULL,NULL),(591,1,21,136,NULL,NULL,NULL,NULL),(592,1,22,136,NULL,NULL,NULL,NULL),(593,1,23,136,NULL,NULL,NULL,NULL),(594,1,24,136,NULL,NULL,NULL,NULL),(595,1,25,136,NULL,NULL,NULL,NULL),(596,1,26,136,NULL,NULL,NULL,NULL),(597,1,27,136,NULL,NULL,NULL,NULL),(598,1,28,136,NULL,NULL,NULL,NULL),(599,1,29,136,NULL,NULL,NULL,NULL),(600,1,30,136,NULL,NULL,NULL,NULL),(601,1,1,3595,NULL,NULL,NULL,NULL),(602,1,2,3595,NULL,NULL,NULL,NULL),(603,1,3,3595,NULL,NULL,NULL,NULL),(604,1,4,3595,NULL,NULL,NULL,NULL),(605,1,5,3595,NULL,NULL,NULL,NULL),(606,1,6,3595,NULL,NULL,NULL,NULL),(607,1,7,3595,NULL,NULL,NULL,NULL),(608,1,8,3595,NULL,NULL,NULL,NULL),(609,1,9,3595,NULL,NULL,NULL,NULL),(610,1,10,3595,NULL,NULL,NULL,NULL),(611,1,11,3595,NULL,NULL,NULL,NULL),(612,1,12,3595,NULL,NULL,NULL,NULL),(613,1,13,3595,NULL,NULL,NULL,NULL),(614,1,14,3595,NULL,NULL,NULL,NULL),(615,1,15,3595,NULL,NULL,NULL,NULL),(616,1,16,3595,NULL,NULL,NULL,NULL),(617,1,17,3595,NULL,NULL,NULL,NULL),(618,1,18,3595,NULL,NULL,NULL,NULL),(619,1,19,3595,NULL,NULL,NULL,NULL),(620,1,20,3595,NULL,NULL,NULL,NULL),(621,1,21,3595,NULL,NULL,NULL,NULL),(622,1,22,3595,NULL,NULL,NULL,NULL),(623,1,23,3595,NULL,NULL,NULL,NULL),(624,1,24,3595,NULL,NULL,NULL,NULL),(625,1,25,3595,NULL,NULL,NULL,NULL),(626,1,26,3595,NULL,NULL,NULL,NULL),(627,1,27,3595,NULL,NULL,NULL,NULL),(628,1,28,3595,NULL,NULL,NULL,NULL),(629,1,29,3595,NULL,NULL,NULL,NULL),(630,1,30,3595,NULL,NULL,NULL,NULL),(631,1,1,475,NULL,NULL,NULL,NULL),(632,1,2,475,NULL,NULL,NULL,NULL),(633,1,3,475,NULL,NULL,NULL,NULL),(634,1,4,475,NULL,NULL,NULL,NULL),(635,1,5,475,NULL,NULL,NULL,NULL),(636,1,6,475,NULL,NULL,NULL,NULL),(637,1,7,475,NULL,NULL,NULL,NULL),(638,1,8,475,NULL,NULL,NULL,NULL),(639,1,9,475,NULL,NULL,NULL,NULL),(640,1,10,475,NULL,NULL,NULL,NULL),(641,1,11,475,NULL,NULL,NULL,NULL),(642,1,12,475,NULL,NULL,NULL,NULL),(643,1,13,475,NULL,NULL,NULL,NULL),(644,1,14,475,NULL,NULL,NULL,NULL),(645,1,15,475,NULL,NULL,NULL,NULL),(646,1,16,475,NULL,NULL,NULL,NULL),(647,1,17,475,NULL,NULL,NULL,NULL),(648,1,18,475,NULL,NULL,NULL,NULL),(649,1,19,475,NULL,NULL,NULL,NULL),(650,1,20,475,NULL,NULL,NULL,NULL),(651,1,21,475,NULL,NULL,NULL,NULL),(652,1,22,475,NULL,NULL,NULL,NULL),(653,1,23,475,NULL,NULL,NULL,NULL),(654,1,24,475,NULL,NULL,NULL,NULL),(655,1,25,475,NULL,NULL,NULL,NULL),(656,1,26,475,NULL,NULL,NULL,NULL),(657,1,27,475,NULL,NULL,NULL,NULL),(658,1,28,475,NULL,NULL,NULL,NULL),(659,1,29,475,NULL,NULL,NULL,NULL),(660,1,30,475,NULL,NULL,NULL,NULL),(661,1,1,164,NULL,NULL,NULL,NULL),(662,1,2,164,NULL,NULL,NULL,NULL),(663,1,3,164,NULL,NULL,NULL,NULL),(664,1,4,164,NULL,NULL,NULL,NULL),(665,1,5,164,NULL,NULL,NULL,NULL),(666,1,6,164,NULL,NULL,NULL,NULL),(667,1,7,164,NULL,NULL,NULL,NULL),(668,1,8,164,NULL,NULL,NULL,NULL),(669,1,9,164,NULL,NULL,NULL,NULL),(670,1,10,164,NULL,NULL,NULL,NULL),(671,1,11,164,NULL,NULL,NULL,NULL),(672,1,12,164,NULL,NULL,NULL,NULL),(673,1,13,164,NULL,NULL,NULL,NULL),(674,1,14,164,NULL,NULL,NULL,NULL),(675,1,15,164,NULL,NULL,NULL,NULL),(676,1,16,164,NULL,NULL,NULL,NULL),(677,1,17,164,NULL,NULL,NULL,NULL),(678,1,18,164,NULL,NULL,NULL,NULL),(679,1,19,164,NULL,NULL,NULL,NULL),(680,1,20,164,NULL,NULL,NULL,NULL),(681,1,21,164,NULL,NULL,NULL,NULL),(682,1,22,164,NULL,NULL,NULL,NULL),(683,1,23,164,NULL,NULL,NULL,NULL),(684,1,24,164,NULL,NULL,NULL,NULL),(685,1,25,164,NULL,NULL,NULL,NULL),(686,1,26,164,NULL,NULL,NULL,NULL),(687,1,27,164,NULL,NULL,NULL,NULL),(688,1,28,164,NULL,NULL,NULL,NULL),(689,1,29,164,NULL,NULL,NULL,NULL),(690,1,30,164,NULL,NULL,NULL,NULL),(691,1,1,155,NULL,NULL,NULL,NULL),(692,1,2,155,NULL,NULL,NULL,NULL),(693,1,3,155,NULL,NULL,NULL,NULL),(694,1,4,155,NULL,NULL,NULL,NULL),(695,1,5,155,NULL,NULL,NULL,NULL),(696,1,6,155,NULL,NULL,NULL,NULL),(697,1,7,155,NULL,NULL,NULL,NULL),(698,1,8,155,NULL,NULL,NULL,NULL),(699,1,9,155,NULL,NULL,NULL,NULL),(700,1,10,155,NULL,NULL,NULL,NULL),(701,1,11,155,NULL,NULL,NULL,NULL),(702,1,12,155,NULL,NULL,NULL,NULL),(703,1,13,155,NULL,NULL,NULL,NULL),(704,1,14,155,NULL,NULL,NULL,NULL),(705,1,15,155,NULL,NULL,NULL,NULL),(706,1,16,155,NULL,NULL,NULL,NULL),(707,1,17,155,NULL,NULL,NULL,NULL),(708,1,18,155,NULL,NULL,NULL,NULL),(709,1,19,155,NULL,NULL,NULL,NULL),(710,1,20,155,NULL,NULL,NULL,NULL),(711,1,21,155,NULL,NULL,NULL,NULL),(712,1,22,155,NULL,NULL,NULL,NULL),(713,1,23,155,NULL,NULL,NULL,NULL),(714,1,24,155,NULL,NULL,NULL,NULL),(715,1,25,155,NULL,NULL,NULL,NULL),(716,1,26,155,NULL,NULL,NULL,NULL),(717,1,27,155,NULL,NULL,NULL,NULL),(718,1,28,155,NULL,NULL,NULL,NULL),(719,1,29,155,NULL,NULL,NULL,NULL),(720,1,30,155,NULL,NULL,NULL,NULL),(721,1,1,284,NULL,NULL,NULL,NULL),(722,1,2,284,NULL,NULL,NULL,NULL),(723,1,3,284,NULL,NULL,NULL,NULL),(724,1,4,284,NULL,NULL,NULL,NULL),(725,1,5,284,NULL,NULL,NULL,NULL),(726,1,6,284,NULL,NULL,NULL,NULL),(727,1,7,284,NULL,NULL,NULL,NULL),(728,1,8,284,NULL,NULL,NULL,NULL),(729,1,9,284,NULL,NULL,NULL,NULL),(730,1,10,284,NULL,NULL,NULL,NULL),(731,1,11,284,NULL,NULL,NULL,NULL),(732,1,12,284,NULL,NULL,NULL,NULL),(733,1,13,284,NULL,NULL,NULL,NULL),(734,1,14,284,NULL,NULL,NULL,NULL),(735,1,15,284,NULL,NULL,NULL,NULL),(736,1,16,284,NULL,NULL,NULL,NULL),(737,1,17,284,NULL,NULL,NULL,NULL),(738,1,18,284,NULL,NULL,NULL,NULL),(739,1,19,284,NULL,NULL,NULL,NULL),(740,1,20,284,NULL,NULL,NULL,NULL),(741,1,21,284,NULL,NULL,NULL,NULL),(742,1,22,284,NULL,NULL,NULL,NULL),(743,1,23,284,NULL,NULL,NULL,NULL),(744,1,24,284,NULL,NULL,NULL,NULL),(745,1,25,284,NULL,NULL,NULL,NULL),(746,1,26,284,NULL,NULL,NULL,NULL),(747,1,27,284,NULL,NULL,NULL,NULL),(748,1,28,284,NULL,NULL,NULL,NULL),(749,1,29,284,NULL,NULL,NULL,NULL),(750,1,30,284,NULL,NULL,NULL,NULL),(751,1,1,1030,NULL,NULL,NULL,NULL),(752,1,2,1030,NULL,NULL,NULL,NULL),(753,1,3,1030,NULL,NULL,NULL,NULL),(754,1,4,1030,NULL,NULL,NULL,NULL),(755,1,5,1030,NULL,NULL,NULL,NULL),(756,1,6,1030,NULL,NULL,NULL,NULL),(757,1,7,1030,NULL,NULL,NULL,NULL),(758,1,8,1030,NULL,NULL,NULL,NULL),(759,1,9,1030,NULL,NULL,NULL,NULL),(760,1,10,1030,NULL,NULL,NULL,NULL),(761,1,11,1030,NULL,NULL,NULL,NULL),(762,1,12,1030,NULL,NULL,NULL,NULL),(763,1,13,1030,NULL,NULL,NULL,NULL),(764,1,14,1030,NULL,NULL,NULL,NULL),(765,1,15,1030,NULL,NULL,NULL,NULL),(766,1,16,1030,NULL,NULL,NULL,NULL),(767,1,17,1030,NULL,NULL,NULL,NULL),(768,1,18,1030,NULL,NULL,NULL,NULL),(769,1,19,1030,NULL,NULL,NULL,NULL),(770,1,20,1030,NULL,NULL,NULL,NULL),(771,1,21,1030,NULL,NULL,NULL,NULL),(772,1,22,1030,NULL,NULL,NULL,NULL),(773,1,23,1030,NULL,NULL,NULL,NULL),(774,1,24,1030,NULL,NULL,NULL,NULL),(775,1,25,1030,NULL,NULL,NULL,NULL),(776,1,26,1030,NULL,NULL,NULL,NULL),(777,1,27,1030,NULL,NULL,NULL,NULL),(778,1,28,1030,NULL,NULL,NULL,NULL),(779,1,29,1030,NULL,NULL,NULL,NULL),(780,1,30,1030,NULL,NULL,NULL,NULL),(781,1,1,162,NULL,NULL,NULL,NULL),(782,1,2,162,NULL,NULL,NULL,NULL),(783,1,3,162,NULL,NULL,NULL,NULL),(784,1,4,162,NULL,NULL,NULL,NULL),(785,1,5,162,NULL,NULL,NULL,NULL),(786,1,6,162,NULL,NULL,NULL,NULL),(787,1,7,162,NULL,NULL,NULL,NULL),(788,1,8,162,NULL,NULL,NULL,NULL),(789,1,9,162,NULL,NULL,NULL,NULL),(790,1,10,162,NULL,NULL,NULL,NULL),(791,1,11,162,NULL,NULL,NULL,NULL),(792,1,12,162,NULL,NULL,NULL,NULL),(793,1,13,162,NULL,NULL,NULL,NULL),(794,1,14,162,NULL,NULL,NULL,NULL),(795,1,15,162,NULL,NULL,NULL,NULL),(796,1,16,162,NULL,NULL,NULL,NULL),(797,1,17,162,NULL,NULL,NULL,NULL),(798,1,18,162,NULL,NULL,NULL,NULL),(799,1,19,162,NULL,NULL,NULL,NULL),(800,1,20,162,NULL,NULL,NULL,NULL),(801,1,21,162,NULL,NULL,NULL,NULL),(802,1,22,162,NULL,NULL,NULL,NULL),(803,1,23,162,NULL,NULL,NULL,NULL),(804,1,24,162,NULL,NULL,NULL,NULL),(805,1,25,162,NULL,NULL,NULL,NULL),(806,1,26,162,NULL,NULL,NULL,NULL),(807,1,27,162,NULL,NULL,NULL,NULL),(808,1,28,162,NULL,NULL,NULL,NULL),(809,1,29,162,NULL,NULL,NULL,NULL),(810,1,30,162,NULL,NULL,NULL,NULL),(811,1,1,3688,NULL,NULL,NULL,NULL),(812,1,2,3688,NULL,NULL,NULL,NULL),(813,1,3,3688,NULL,NULL,NULL,NULL),(814,1,4,3688,NULL,NULL,NULL,NULL),(815,1,5,3688,NULL,NULL,NULL,NULL),(816,1,6,3688,NULL,NULL,NULL,NULL),(817,1,7,3688,NULL,NULL,NULL,NULL),(818,1,8,3688,NULL,NULL,NULL,NULL),(819,1,9,3688,NULL,NULL,NULL,NULL),(820,1,10,3688,NULL,NULL,NULL,NULL),(821,1,11,3688,NULL,NULL,NULL,NULL),(822,1,12,3688,NULL,NULL,NULL,NULL),(823,1,13,3688,NULL,NULL,NULL,NULL),(824,1,14,3688,NULL,NULL,NULL,NULL),(825,1,15,3688,NULL,NULL,NULL,NULL),(826,1,16,3688,NULL,NULL,NULL,NULL),(827,1,17,3688,NULL,NULL,NULL,NULL),(828,1,18,3688,NULL,NULL,NULL,NULL),(829,1,19,3688,NULL,NULL,NULL,NULL),(830,1,20,3688,NULL,NULL,NULL,NULL),(831,1,21,3688,NULL,NULL,NULL,NULL),(832,1,22,3688,NULL,NULL,NULL,NULL),(833,1,23,3688,NULL,NULL,NULL,NULL),(834,1,24,3688,NULL,NULL,NULL,NULL),(835,1,25,3688,NULL,NULL,NULL,NULL),(836,1,26,3688,NULL,NULL,NULL,NULL),(837,1,27,3688,NULL,NULL,NULL,NULL),(838,1,28,3688,NULL,NULL,NULL,NULL),(839,1,29,3688,NULL,NULL,NULL,NULL),(840,1,30,3688,NULL,NULL,NULL,NULL),(841,1,1,91,NULL,NULL,NULL,NULL),(842,1,2,91,NULL,NULL,NULL,NULL),(843,1,3,91,NULL,NULL,NULL,NULL),(844,1,4,91,NULL,NULL,NULL,NULL),(845,1,5,91,NULL,NULL,NULL,NULL),(846,1,6,91,NULL,NULL,NULL,NULL),(847,1,7,91,NULL,NULL,NULL,NULL),(848,1,8,91,NULL,NULL,NULL,NULL),(849,1,9,91,NULL,NULL,NULL,NULL),(850,1,10,91,NULL,NULL,NULL,NULL),(851,1,11,91,NULL,NULL,NULL,NULL),(852,1,12,91,NULL,NULL,NULL,NULL),(853,1,13,91,NULL,NULL,NULL,NULL),(854,1,14,91,NULL,NULL,NULL,NULL),(855,1,15,91,NULL,NULL,NULL,NULL),(856,1,16,91,NULL,NULL,NULL,NULL),(857,1,17,91,NULL,NULL,NULL,NULL),(858,1,18,91,NULL,NULL,NULL,NULL),(859,1,19,91,NULL,NULL,NULL,NULL),(860,1,20,91,NULL,NULL,NULL,NULL),(861,1,21,91,NULL,NULL,NULL,NULL),(862,1,22,91,NULL,NULL,NULL,NULL),(863,1,23,91,NULL,NULL,NULL,NULL),(864,1,24,91,NULL,NULL,NULL,NULL),(865,1,25,91,NULL,NULL,NULL,NULL),(866,1,26,91,NULL,NULL,NULL,NULL),(867,1,27,91,NULL,NULL,NULL,NULL),(868,1,28,91,NULL,NULL,NULL,NULL),(869,1,29,91,NULL,NULL,NULL,NULL),(870,1,30,91,NULL,NULL,NULL,NULL),(871,1,1,202,NULL,NULL,NULL,NULL),(872,1,2,202,NULL,NULL,NULL,NULL),(873,1,3,202,NULL,NULL,NULL,NULL),(874,1,4,202,NULL,NULL,NULL,NULL),(875,1,5,202,NULL,NULL,NULL,NULL),(876,1,6,202,NULL,NULL,NULL,NULL),(877,1,7,202,NULL,NULL,NULL,NULL),(878,1,8,202,NULL,NULL,NULL,NULL),(879,1,9,202,NULL,NULL,NULL,NULL),(880,1,10,202,NULL,NULL,NULL,NULL),(881,1,11,202,NULL,NULL,NULL,NULL),(882,1,12,202,NULL,NULL,NULL,NULL),(883,1,13,202,NULL,NULL,NULL,NULL),(884,1,14,202,NULL,NULL,NULL,NULL),(885,1,15,202,NULL,NULL,NULL,NULL),(886,1,16,202,NULL,NULL,NULL,NULL),(887,1,17,202,NULL,NULL,NULL,NULL),(888,1,18,202,NULL,NULL,NULL,NULL),(889,1,19,202,NULL,NULL,NULL,NULL),(890,1,20,202,NULL,NULL,NULL,NULL),(891,1,21,202,NULL,NULL,NULL,NULL),(892,1,22,202,NULL,NULL,NULL,NULL),(893,1,23,202,NULL,NULL,NULL,NULL),(894,1,24,202,NULL,NULL,NULL,NULL),(895,1,25,202,NULL,NULL,NULL,NULL),(896,1,26,202,NULL,NULL,NULL,NULL),(897,1,27,202,NULL,NULL,NULL,NULL),(898,1,28,202,NULL,NULL,NULL,NULL),(899,1,29,202,NULL,NULL,NULL,NULL),(900,1,30,202,NULL,NULL,NULL,NULL),(901,1,1,510,NULL,NULL,NULL,NULL),(902,1,2,510,NULL,NULL,NULL,NULL),(903,1,3,510,NULL,NULL,NULL,NULL),(904,1,4,510,NULL,NULL,NULL,NULL),(905,1,5,510,NULL,NULL,NULL,NULL),(906,1,6,510,NULL,NULL,NULL,NULL),(907,1,7,510,NULL,NULL,NULL,NULL),(908,1,8,510,NULL,NULL,NULL,NULL),(909,1,9,510,NULL,NULL,NULL,NULL),(910,1,10,510,NULL,NULL,NULL,NULL),(911,1,11,510,NULL,NULL,NULL,NULL),(912,1,12,510,NULL,NULL,NULL,NULL),(913,1,13,510,NULL,NULL,NULL,NULL),(914,1,14,510,NULL,NULL,NULL,NULL),(915,1,15,510,NULL,NULL,NULL,NULL),(916,1,16,510,NULL,NULL,NULL,NULL),(917,1,17,510,NULL,NULL,NULL,NULL),(918,1,18,510,NULL,NULL,NULL,NULL),(919,1,19,510,NULL,NULL,NULL,NULL),(920,1,20,510,NULL,NULL,NULL,NULL),(921,1,21,510,NULL,NULL,NULL,NULL),(922,1,22,510,NULL,NULL,NULL,NULL),(923,1,23,510,NULL,NULL,NULL,NULL),(924,1,24,510,NULL,NULL,NULL,NULL),(925,1,25,510,NULL,NULL,NULL,NULL),(926,1,26,510,NULL,NULL,NULL,NULL),(927,1,27,510,NULL,NULL,NULL,NULL),(928,1,28,510,NULL,NULL,NULL,NULL),(929,1,29,510,NULL,NULL,NULL,NULL),(930,1,30,510,NULL,NULL,NULL,NULL),(931,1,1,656,NULL,NULL,NULL,NULL),(932,1,2,656,NULL,NULL,NULL,NULL),(933,1,3,656,NULL,NULL,NULL,NULL),(934,1,4,656,NULL,NULL,NULL,NULL),(935,1,5,656,NULL,NULL,NULL,NULL),(936,1,6,656,NULL,NULL,NULL,NULL),(937,1,7,656,NULL,NULL,NULL,NULL),(938,1,8,656,NULL,NULL,NULL,NULL),(939,1,9,656,NULL,NULL,NULL,NULL),(940,1,10,656,NULL,NULL,NULL,NULL),(941,1,11,656,NULL,NULL,NULL,NULL),(942,1,12,656,NULL,NULL,NULL,NULL),(943,1,13,656,NULL,NULL,NULL,NULL),(944,1,14,656,NULL,NULL,NULL,NULL),(945,1,15,656,NULL,NULL,NULL,NULL),(946,1,16,656,NULL,NULL,NULL,NULL),(947,1,17,656,NULL,NULL,NULL,NULL),(948,1,18,656,NULL,NULL,NULL,NULL),(949,1,19,656,NULL,NULL,NULL,NULL),(950,1,20,656,NULL,NULL,NULL,NULL),(951,1,21,656,NULL,NULL,NULL,NULL),(952,1,22,656,NULL,NULL,NULL,NULL),(953,1,23,656,NULL,NULL,NULL,NULL),(954,1,24,656,NULL,NULL,NULL,NULL),(955,1,25,656,NULL,NULL,NULL,NULL),(956,1,26,656,NULL,NULL,NULL,NULL),(957,1,27,656,NULL,NULL,NULL,NULL),(958,1,28,656,NULL,NULL,NULL,NULL),(959,1,29,656,NULL,NULL,NULL,NULL),(960,1,30,656,NULL,NULL,NULL,NULL),(961,1,1,143,NULL,NULL,NULL,NULL),(962,1,2,143,NULL,NULL,NULL,NULL),(963,1,3,143,NULL,NULL,NULL,NULL),(964,1,4,143,NULL,NULL,NULL,NULL),(965,1,5,143,NULL,NULL,NULL,NULL),(966,1,6,143,NULL,NULL,NULL,NULL),(967,1,7,143,NULL,NULL,NULL,NULL),(968,1,8,143,NULL,NULL,NULL,NULL),(969,1,9,143,NULL,NULL,NULL,NULL),(970,1,10,143,NULL,NULL,NULL,NULL),(971,1,11,143,NULL,NULL,NULL,NULL),(972,1,12,143,NULL,NULL,NULL,NULL),(973,1,13,143,NULL,NULL,NULL,NULL),(974,1,14,143,NULL,NULL,NULL,NULL),(975,1,15,143,NULL,NULL,NULL,NULL),(976,1,16,143,NULL,NULL,NULL,NULL),(977,1,17,143,NULL,NULL,NULL,NULL),(978,1,18,143,NULL,NULL,NULL,NULL),(979,1,19,143,NULL,NULL,NULL,NULL),(980,1,20,143,NULL,NULL,NULL,NULL),(981,1,21,143,NULL,NULL,NULL,NULL),(982,1,22,143,NULL,NULL,NULL,NULL),(983,1,23,143,NULL,NULL,NULL,NULL),(984,1,24,143,NULL,NULL,NULL,NULL),(985,1,25,143,NULL,NULL,NULL,NULL),(986,1,26,143,NULL,NULL,NULL,NULL),(987,1,27,143,NULL,NULL,NULL,NULL),(988,1,28,143,NULL,NULL,NULL,NULL),(989,1,29,143,NULL,NULL,NULL,NULL),(990,1,30,143,NULL,NULL,NULL,NULL),(991,1,1,196,NULL,NULL,NULL,NULL),(992,1,2,196,NULL,NULL,NULL,NULL),(993,1,3,196,NULL,NULL,NULL,NULL),(994,1,4,196,NULL,NULL,NULL,NULL),(995,1,5,196,NULL,NULL,NULL,NULL),(996,1,6,196,NULL,NULL,NULL,NULL),(997,1,7,196,NULL,NULL,NULL,NULL),(998,1,8,196,NULL,NULL,NULL,NULL),(999,1,9,196,NULL,NULL,NULL,NULL),(1000,1,10,196,NULL,NULL,NULL,NULL),(1001,1,11,196,NULL,NULL,NULL,NULL),(1002,1,12,196,NULL,NULL,NULL,NULL),(1003,1,13,196,NULL,NULL,NULL,NULL),(1004,1,14,196,NULL,NULL,NULL,NULL),(1005,1,15,196,NULL,NULL,NULL,NULL),(1006,1,16,196,NULL,NULL,NULL,NULL),(1007,1,17,196,NULL,NULL,NULL,NULL),(1008,1,18,196,NULL,NULL,NULL,NULL),(1009,1,19,196,NULL,NULL,NULL,NULL),(1010,1,20,196,NULL,NULL,NULL,NULL),(1011,1,21,196,NULL,NULL,NULL,NULL),(1012,1,22,196,NULL,NULL,NULL,NULL),(1013,1,23,196,NULL,NULL,NULL,NULL),(1014,1,24,196,NULL,NULL,NULL,NULL),(1015,1,25,196,NULL,NULL,NULL,NULL),(1016,1,26,196,NULL,NULL,NULL,NULL),(1017,1,27,196,NULL,NULL,NULL,NULL),(1018,1,28,196,NULL,NULL,NULL,NULL),(1019,1,29,196,NULL,NULL,NULL,NULL),(1020,1,30,196,NULL,NULL,NULL,NULL),(1021,1,1,151,NULL,NULL,NULL,NULL),(1022,1,2,151,NULL,NULL,NULL,NULL),(1023,1,3,151,NULL,NULL,NULL,NULL),(1024,1,4,151,NULL,NULL,NULL,NULL),(1025,1,5,151,NULL,NULL,NULL,NULL),(1026,1,6,151,NULL,NULL,NULL,NULL),(1027,1,7,151,NULL,NULL,NULL,NULL),(1028,1,8,151,NULL,NULL,NULL,NULL),(1029,1,9,151,NULL,NULL,NULL,NULL),(1030,1,10,151,NULL,NULL,NULL,NULL),(1031,1,11,151,NULL,NULL,NULL,NULL),(1032,1,12,151,NULL,NULL,NULL,NULL),(1033,1,13,151,NULL,NULL,NULL,NULL),(1034,1,14,151,NULL,NULL,NULL,NULL),(1035,1,15,151,NULL,NULL,NULL,NULL),(1036,1,16,151,NULL,NULL,NULL,NULL),(1037,1,17,151,NULL,NULL,NULL,NULL),(1038,1,18,151,NULL,NULL,NULL,NULL),(1039,1,19,151,NULL,NULL,NULL,NULL),(1040,1,20,151,NULL,NULL,NULL,NULL),(1041,1,21,151,NULL,NULL,NULL,NULL),(1042,1,22,151,NULL,NULL,NULL,NULL),(1043,1,23,151,NULL,NULL,NULL,NULL),(1044,1,24,151,NULL,NULL,NULL,NULL),(1045,1,25,151,NULL,NULL,NULL,NULL),(1046,1,26,151,NULL,NULL,NULL,NULL),(1047,1,27,151,NULL,NULL,NULL,NULL),(1048,1,28,151,NULL,NULL,NULL,NULL),(1049,1,29,151,NULL,NULL,NULL,NULL),(1050,1,30,151,NULL,NULL,NULL,NULL),(1051,1,1,687,NULL,NULL,NULL,NULL),(1052,1,2,687,NULL,NULL,NULL,NULL),(1053,1,3,687,NULL,NULL,NULL,NULL),(1054,1,4,687,NULL,NULL,NULL,NULL),(1055,1,5,687,NULL,NULL,NULL,NULL),(1056,1,6,687,NULL,NULL,NULL,NULL),(1057,1,7,687,NULL,NULL,NULL,NULL),(1058,1,8,687,NULL,NULL,NULL,NULL),(1059,1,9,687,NULL,NULL,NULL,NULL),(1060,1,10,687,NULL,NULL,NULL,NULL),(1061,1,11,687,NULL,NULL,NULL,NULL),(1062,1,12,687,NULL,NULL,NULL,NULL),(1063,1,13,687,NULL,NULL,NULL,NULL),(1064,1,14,687,NULL,NULL,NULL,NULL),(1065,1,15,687,NULL,NULL,NULL,NULL),(1066,1,16,687,NULL,NULL,NULL,NULL),(1067,1,17,687,NULL,NULL,NULL,NULL),(1068,1,18,687,NULL,NULL,NULL,NULL),(1069,1,19,687,NULL,NULL,NULL,NULL),(1070,1,20,687,NULL,NULL,NULL,NULL),(1071,1,21,687,NULL,NULL,NULL,NULL),(1072,1,22,687,NULL,NULL,NULL,NULL),(1073,1,23,687,NULL,NULL,NULL,NULL),(1074,1,24,687,NULL,NULL,NULL,NULL),(1075,1,25,687,NULL,NULL,NULL,NULL),(1076,1,26,687,NULL,NULL,NULL,NULL),(1077,1,27,687,NULL,NULL,NULL,NULL),(1078,1,28,687,NULL,NULL,NULL,NULL),(1079,1,29,687,NULL,NULL,NULL,NULL),(1080,1,30,687,NULL,NULL,NULL,NULL),(1081,1,1,439,NULL,NULL,NULL,NULL),(1082,1,2,439,NULL,NULL,NULL,NULL),(1083,1,3,439,NULL,NULL,NULL,NULL),(1084,1,4,439,NULL,NULL,NULL,NULL),(1085,1,5,439,NULL,NULL,NULL,NULL),(1086,1,6,439,NULL,NULL,NULL,NULL),(1087,1,7,439,NULL,NULL,NULL,NULL),(1088,1,8,439,NULL,NULL,NULL,NULL),(1089,1,9,439,NULL,NULL,NULL,NULL),(1090,1,10,439,NULL,NULL,NULL,NULL),(1091,1,11,439,NULL,NULL,NULL,NULL),(1092,1,12,439,NULL,NULL,NULL,NULL),(1093,1,13,439,NULL,NULL,NULL,NULL),(1094,1,14,439,NULL,NULL,NULL,NULL),(1095,1,15,439,NULL,NULL,NULL,NULL),(1096,1,16,439,NULL,NULL,NULL,NULL),(1097,1,17,439,NULL,NULL,NULL,NULL),(1098,1,18,439,NULL,NULL,NULL,NULL),(1099,1,19,439,NULL,NULL,NULL,NULL),(1100,1,20,439,NULL,NULL,NULL,NULL),(1101,1,21,439,NULL,NULL,NULL,NULL),(1102,1,22,439,NULL,NULL,NULL,NULL),(1103,1,23,439,NULL,NULL,NULL,NULL),(1104,1,24,439,NULL,NULL,NULL,NULL),(1105,1,25,439,NULL,NULL,NULL,NULL),(1106,1,26,439,NULL,NULL,NULL,NULL),(1107,1,27,439,NULL,NULL,NULL,NULL),(1108,1,28,439,NULL,NULL,NULL,NULL),(1109,1,29,439,NULL,NULL,NULL,NULL),(1110,1,30,439,NULL,NULL,NULL,NULL),(1111,1,1,325,NULL,NULL,NULL,NULL),(1112,1,2,325,NULL,NULL,NULL,NULL),(1113,1,3,325,NULL,NULL,NULL,NULL),(1114,1,4,325,NULL,NULL,NULL,NULL),(1115,1,5,325,NULL,NULL,NULL,NULL),(1116,1,6,325,NULL,NULL,NULL,NULL),(1117,1,7,325,NULL,NULL,NULL,NULL),(1118,1,8,325,NULL,NULL,NULL,NULL),(1119,1,9,325,NULL,NULL,NULL,NULL),(1120,1,10,325,NULL,NULL,NULL,NULL),(1121,1,11,325,NULL,NULL,NULL,NULL),(1122,1,12,325,NULL,NULL,NULL,NULL),(1123,1,13,325,NULL,NULL,NULL,NULL),(1124,1,14,325,NULL,NULL,NULL,NULL),(1125,1,15,325,NULL,NULL,NULL,NULL),(1126,1,16,325,NULL,NULL,NULL,NULL),(1127,1,17,325,NULL,NULL,NULL,NULL),(1128,1,18,325,NULL,NULL,NULL,NULL),(1129,1,19,325,NULL,NULL,NULL,NULL),(1130,1,20,325,NULL,NULL,NULL,NULL),(1131,1,21,325,NULL,NULL,NULL,NULL),(1132,1,22,325,NULL,NULL,NULL,NULL),(1133,1,23,325,NULL,NULL,NULL,NULL),(1134,1,24,325,NULL,NULL,NULL,NULL),(1135,1,25,325,NULL,NULL,NULL,NULL),(1136,1,26,325,NULL,NULL,NULL,NULL),(1137,1,27,325,NULL,NULL,NULL,NULL),(1138,1,28,325,NULL,NULL,NULL,NULL),(1139,1,29,325,NULL,NULL,NULL,NULL),(1140,1,30,325,NULL,NULL,NULL,NULL),(1141,1,1,159,NULL,NULL,NULL,NULL),(1142,1,2,159,NULL,NULL,NULL,NULL),(1143,1,3,159,NULL,NULL,NULL,NULL),(1144,1,4,159,NULL,NULL,NULL,NULL),(1145,1,5,159,NULL,NULL,NULL,NULL),(1146,1,6,159,NULL,NULL,NULL,NULL),(1147,1,7,159,NULL,NULL,NULL,NULL),(1148,1,8,159,NULL,NULL,NULL,NULL),(1149,1,9,159,NULL,NULL,NULL,NULL),(1150,1,10,159,NULL,NULL,NULL,NULL),(1151,1,11,159,NULL,NULL,NULL,NULL),(1152,1,12,159,NULL,NULL,NULL,NULL),(1153,1,13,159,NULL,NULL,NULL,NULL),(1154,1,14,159,NULL,NULL,NULL,NULL),(1155,1,15,159,NULL,NULL,NULL,NULL),(1156,1,16,159,NULL,NULL,NULL,NULL),(1157,1,17,159,NULL,NULL,NULL,NULL),(1158,1,18,159,NULL,NULL,NULL,NULL),(1159,1,19,159,NULL,NULL,NULL,NULL),(1160,1,20,159,NULL,NULL,NULL,NULL),(1161,1,21,159,NULL,NULL,NULL,NULL),(1162,1,22,159,NULL,NULL,NULL,NULL),(1163,1,23,159,NULL,NULL,NULL,NULL),(1164,1,24,159,NULL,NULL,NULL,NULL),(1165,1,25,159,NULL,NULL,NULL,NULL),(1166,1,26,159,NULL,NULL,NULL,NULL),(1167,1,27,159,NULL,NULL,NULL,NULL),(1168,1,28,159,NULL,NULL,NULL,NULL),(1169,1,29,159,NULL,NULL,NULL,NULL),(1170,1,30,159,NULL,NULL,NULL,NULL),(1171,1,1,885,NULL,NULL,NULL,NULL),(1172,1,2,885,NULL,NULL,NULL,NULL),(1173,1,3,885,NULL,NULL,NULL,NULL),(1174,1,4,885,NULL,NULL,NULL,NULL),(1175,1,5,885,NULL,NULL,NULL,NULL),(1176,1,6,885,NULL,NULL,NULL,NULL),(1177,1,7,885,NULL,NULL,NULL,NULL),(1178,1,8,885,NULL,NULL,NULL,NULL),(1179,1,9,885,NULL,NULL,NULL,NULL),(1180,1,10,885,NULL,NULL,NULL,NULL),(1181,1,11,885,NULL,NULL,NULL,NULL),(1182,1,12,885,NULL,NULL,NULL,NULL),(1183,1,13,885,NULL,NULL,NULL,NULL),(1184,1,14,885,NULL,NULL,NULL,NULL),(1185,1,15,885,NULL,NULL,NULL,NULL),(1186,1,16,885,NULL,NULL,NULL,NULL),(1187,1,17,885,NULL,NULL,NULL,NULL),(1188,1,18,885,NULL,NULL,NULL,NULL),(1189,1,19,885,NULL,NULL,NULL,NULL),(1190,1,20,885,NULL,NULL,NULL,NULL),(1191,1,21,885,NULL,NULL,NULL,NULL),(1192,1,22,885,NULL,NULL,NULL,NULL),(1193,1,23,885,NULL,NULL,NULL,NULL),(1194,1,24,885,NULL,NULL,NULL,NULL),(1195,1,25,885,NULL,NULL,NULL,NULL),(1196,1,26,885,NULL,NULL,NULL,NULL),(1197,1,27,885,NULL,NULL,NULL,NULL),(1198,1,28,885,NULL,NULL,NULL,NULL),(1199,1,29,885,NULL,NULL,NULL,NULL),(1200,1,30,885,NULL,NULL,NULL,NULL),(1201,1,1,289,NULL,NULL,NULL,NULL),(1202,1,2,289,NULL,NULL,NULL,NULL),(1203,1,3,289,NULL,NULL,NULL,NULL),(1204,1,4,289,NULL,NULL,NULL,NULL),(1205,1,5,289,NULL,NULL,NULL,NULL),(1206,1,6,289,NULL,NULL,NULL,NULL),(1207,1,7,289,NULL,NULL,NULL,NULL),(1208,1,8,289,NULL,NULL,NULL,NULL),(1209,1,9,289,NULL,NULL,NULL,NULL),(1210,1,10,289,NULL,NULL,NULL,NULL),(1211,1,11,289,NULL,NULL,NULL,NULL),(1212,1,12,289,NULL,NULL,NULL,NULL),(1213,1,13,289,NULL,NULL,NULL,NULL),(1214,1,14,289,NULL,NULL,NULL,NULL),(1215,1,15,289,NULL,NULL,NULL,NULL),(1216,1,16,289,NULL,NULL,NULL,NULL),(1217,1,17,289,NULL,NULL,NULL,NULL),(1218,1,18,289,NULL,NULL,NULL,NULL),(1219,1,19,289,NULL,NULL,NULL,NULL),(1220,1,20,289,NULL,NULL,NULL,NULL),(1221,1,21,289,NULL,NULL,NULL,NULL),(1222,1,22,289,NULL,NULL,NULL,NULL),(1223,1,23,289,NULL,NULL,NULL,NULL),(1224,1,24,289,NULL,NULL,NULL,NULL),(1225,1,25,289,NULL,NULL,NULL,NULL),(1226,1,26,289,NULL,NULL,NULL,NULL),(1227,1,27,289,NULL,NULL,NULL,NULL),(1228,1,28,289,NULL,NULL,NULL,NULL),(1229,1,29,289,NULL,NULL,NULL,NULL),(1230,1,30,289,NULL,NULL,NULL,NULL),(1231,1,1,170,NULL,NULL,NULL,NULL),(1232,1,2,170,NULL,NULL,NULL,NULL),(1233,1,3,170,NULL,NULL,NULL,NULL),(1234,1,4,170,NULL,NULL,NULL,NULL),(1235,1,5,170,NULL,NULL,NULL,NULL),(1236,1,6,170,NULL,NULL,NULL,NULL),(1237,1,7,170,NULL,NULL,NULL,NULL),(1238,1,8,170,NULL,NULL,NULL,NULL),(1239,1,9,170,NULL,NULL,NULL,NULL),(1240,1,10,170,NULL,NULL,NULL,NULL),(1241,1,11,170,NULL,NULL,NULL,NULL),(1242,1,12,170,NULL,NULL,NULL,NULL),(1243,1,13,170,NULL,NULL,NULL,NULL),(1244,1,14,170,NULL,NULL,NULL,NULL),(1245,1,15,170,NULL,NULL,NULL,NULL),(1246,1,16,170,NULL,NULL,NULL,NULL),(1247,1,17,170,NULL,NULL,NULL,NULL),(1248,1,18,170,NULL,NULL,NULL,NULL),(1249,1,19,170,NULL,NULL,NULL,NULL),(1250,1,20,170,NULL,NULL,NULL,NULL),(1251,1,21,170,NULL,NULL,NULL,NULL),(1252,1,22,170,NULL,NULL,NULL,NULL),(1253,1,23,170,NULL,NULL,NULL,NULL),(1254,1,24,170,NULL,NULL,NULL,NULL),(1255,1,25,170,NULL,NULL,NULL,NULL),(1256,1,26,170,NULL,NULL,NULL,NULL),(1257,1,27,170,NULL,NULL,NULL,NULL),(1258,1,28,170,NULL,NULL,NULL,NULL),(1259,1,29,170,NULL,NULL,NULL,NULL),(1260,1,30,170,NULL,NULL,NULL,NULL),(1261,1,1,963,NULL,NULL,NULL,NULL),(1262,1,2,963,NULL,NULL,NULL,NULL),(1263,1,3,963,NULL,NULL,NULL,NULL),(1264,1,4,963,NULL,NULL,NULL,NULL),(1265,1,5,963,NULL,NULL,NULL,NULL),(1266,1,6,963,NULL,NULL,NULL,NULL),(1267,1,7,963,NULL,NULL,NULL,NULL),(1268,1,8,963,NULL,NULL,NULL,NULL),(1269,1,9,963,NULL,NULL,NULL,NULL),(1270,1,10,963,NULL,NULL,NULL,NULL),(1271,1,11,963,NULL,NULL,NULL,NULL),(1272,1,12,963,NULL,NULL,NULL,NULL),(1273,1,13,963,NULL,NULL,NULL,NULL),(1274,1,14,963,NULL,NULL,NULL,NULL),(1275,1,15,963,NULL,NULL,NULL,NULL),(1276,1,16,963,NULL,NULL,NULL,NULL),(1277,1,17,963,NULL,NULL,NULL,NULL),(1278,1,18,963,NULL,NULL,NULL,NULL),(1279,1,19,963,NULL,NULL,NULL,NULL),(1280,1,20,963,NULL,NULL,NULL,NULL),(1281,1,21,963,NULL,NULL,NULL,NULL),(1282,1,22,963,NULL,NULL,NULL,NULL),(1283,1,23,963,NULL,NULL,NULL,NULL),(1284,1,24,963,NULL,NULL,NULL,NULL),(1285,1,25,963,NULL,NULL,NULL,NULL),(1286,1,26,963,NULL,NULL,NULL,NULL),(1287,1,27,963,NULL,NULL,NULL,NULL),(1288,1,28,963,NULL,NULL,NULL,NULL),(1289,1,29,963,NULL,NULL,NULL,NULL),(1290,1,30,963,NULL,NULL,NULL,NULL),(1291,1,1,290,NULL,NULL,NULL,NULL),(1292,1,2,290,NULL,NULL,NULL,NULL),(1293,1,3,290,NULL,NULL,NULL,NULL),(1294,1,4,290,NULL,NULL,NULL,NULL),(1295,1,5,290,NULL,NULL,NULL,NULL),(1296,1,6,290,NULL,NULL,NULL,NULL),(1297,1,7,290,NULL,NULL,NULL,NULL),(1298,1,8,290,NULL,NULL,NULL,NULL),(1299,1,9,290,NULL,NULL,NULL,NULL),(1300,1,10,290,NULL,NULL,NULL,NULL),(1301,1,11,290,NULL,NULL,NULL,NULL),(1302,1,12,290,NULL,NULL,NULL,NULL),(1303,1,13,290,NULL,NULL,NULL,NULL),(1304,1,14,290,NULL,NULL,NULL,NULL),(1305,1,15,290,NULL,NULL,NULL,NULL),(1306,1,16,290,NULL,NULL,NULL,NULL),(1307,1,17,290,NULL,NULL,NULL,NULL),(1308,1,18,290,NULL,NULL,NULL,NULL),(1309,1,19,290,NULL,NULL,NULL,NULL),(1310,1,20,290,NULL,NULL,NULL,NULL),(1311,1,21,290,NULL,NULL,NULL,NULL),(1312,1,22,290,NULL,NULL,NULL,NULL),(1313,1,23,290,NULL,NULL,NULL,NULL),(1314,1,24,290,NULL,NULL,NULL,NULL),(1315,1,25,290,NULL,NULL,NULL,NULL),(1316,1,26,290,NULL,NULL,NULL,NULL),(1317,1,27,290,NULL,NULL,NULL,NULL),(1318,1,28,290,NULL,NULL,NULL,NULL),(1319,1,29,290,NULL,NULL,NULL,NULL),(1320,1,30,290,NULL,NULL,NULL,NULL),(1321,1,1,440,NULL,NULL,NULL,NULL),(1322,1,2,440,NULL,NULL,NULL,NULL),(1323,1,3,440,NULL,NULL,NULL,NULL),(1324,1,4,440,NULL,NULL,NULL,NULL),(1325,1,5,440,NULL,NULL,NULL,NULL),(1326,1,6,440,NULL,NULL,NULL,NULL),(1327,1,7,440,NULL,NULL,NULL,NULL),(1328,1,8,440,NULL,NULL,NULL,NULL),(1329,1,9,440,NULL,NULL,NULL,NULL),(1330,1,10,440,NULL,NULL,NULL,NULL),(1331,1,11,440,NULL,NULL,NULL,NULL),(1332,1,12,440,NULL,NULL,NULL,NULL),(1333,1,13,440,NULL,NULL,NULL,NULL),(1334,1,14,440,NULL,NULL,NULL,NULL),(1335,1,15,440,NULL,NULL,NULL,NULL),(1336,1,16,440,NULL,NULL,NULL,NULL),(1337,1,17,440,NULL,NULL,NULL,NULL),(1338,1,18,440,NULL,NULL,NULL,NULL),(1339,1,19,440,NULL,NULL,NULL,NULL),(1340,1,20,440,NULL,NULL,NULL,NULL),(1341,1,21,440,NULL,NULL,NULL,NULL),(1342,1,22,440,NULL,NULL,NULL,NULL),(1343,1,23,440,NULL,NULL,NULL,NULL),(1344,1,24,440,NULL,NULL,NULL,NULL),(1345,1,25,440,NULL,NULL,NULL,NULL),(1346,1,26,440,NULL,NULL,NULL,NULL),(1347,1,27,440,NULL,NULL,NULL,NULL),(1348,1,28,440,NULL,NULL,NULL,NULL),(1349,1,29,440,NULL,NULL,NULL,NULL),(1350,1,30,440,NULL,NULL,NULL,NULL),(1351,1,1,163,NULL,NULL,NULL,NULL),(1352,1,2,163,NULL,NULL,NULL,NULL),(1353,1,3,163,NULL,NULL,NULL,NULL),(1354,1,4,163,NULL,NULL,NULL,NULL),(1355,1,5,163,NULL,NULL,NULL,NULL),(1356,1,6,163,NULL,NULL,NULL,NULL),(1357,1,7,163,NULL,NULL,NULL,NULL),(1358,1,8,163,NULL,NULL,NULL,NULL),(1359,1,9,163,NULL,NULL,NULL,NULL),(1360,1,10,163,NULL,NULL,NULL,NULL),(1361,1,11,163,NULL,NULL,NULL,NULL),(1362,1,12,163,NULL,NULL,NULL,NULL),(1363,1,13,163,NULL,NULL,NULL,NULL),(1364,1,14,163,NULL,NULL,NULL,NULL),(1365,1,15,163,NULL,NULL,NULL,NULL),(1366,1,16,163,NULL,NULL,NULL,NULL),(1367,1,17,163,NULL,NULL,NULL,NULL),(1368,1,18,163,NULL,NULL,NULL,NULL),(1369,1,19,163,NULL,NULL,NULL,NULL),(1370,1,20,163,NULL,NULL,NULL,NULL),(1371,1,21,163,NULL,NULL,NULL,NULL),(1372,1,22,163,NULL,NULL,NULL,NULL),(1373,1,23,163,NULL,NULL,NULL,NULL),(1374,1,24,163,NULL,NULL,NULL,NULL),(1375,1,25,163,NULL,NULL,NULL,NULL),(1376,1,26,163,NULL,NULL,NULL,NULL),(1377,1,27,163,NULL,NULL,NULL,NULL),(1378,1,28,163,NULL,NULL,NULL,NULL),(1379,1,29,163,NULL,NULL,NULL,NULL),(1380,1,30,163,NULL,NULL,NULL,NULL),(1381,2,1,287,39,NULL,NULL,NULL),(1382,2,2,287,35,NULL,NULL,NULL),(1383,2,3,287,29,NULL,NULL,NULL),(1384,2,4,287,16,NULL,NULL,NULL),(1385,2,5,287,23,NULL,NULL,NULL),(1386,2,6,287,13,NULL,NULL,NULL),(1387,2,7,287,10,NULL,NULL,NULL),(1388,2,8,287,3,NULL,NULL,NULL),(1389,2,9,287,42,NULL,NULL,NULL),(1390,2,10,287,47,NULL,NULL,NULL),(1391,2,11,287,53,NULL,NULL,NULL),(1392,2,12,287,139,NULL,NULL,NULL),(1393,2,13,287,NULL,NULL,NULL,NULL),(1394,2,14,287,NULL,NULL,NULL,NULL),(1395,2,15,287,NULL,NULL,NULL,NULL),(1396,2,16,287,NULL,NULL,NULL,NULL),(1397,2,17,287,NULL,NULL,NULL,NULL),(1398,2,18,287,NULL,NULL,NULL,NULL),(1399,2,19,287,NULL,NULL,NULL,NULL),(1400,2,20,287,NULL,NULL,NULL,NULL),(1401,2,21,287,NULL,NULL,NULL,NULL),(1402,2,22,287,NULL,NULL,NULL,NULL),(1403,2,23,287,NULL,NULL,NULL,NULL),(1404,2,24,287,NULL,NULL,NULL,NULL),(1405,2,25,287,NULL,NULL,NULL,NULL),(1406,2,26,287,NULL,NULL,NULL,NULL),(1407,2,27,287,NULL,NULL,NULL,NULL),(1408,2,28,287,57,NULL,NULL,NULL),(1409,2,29,287,NULL,'Test Comment',NULL,NULL),(1410,2,30,287,NULL,'Test Answer',NULL,NULL),(1411,2,1,137,NULL,NULL,NULL,NULL),(1412,2,2,137,NULL,NULL,NULL,NULL),(1413,2,3,137,NULL,NULL,NULL,NULL),(1414,2,4,137,NULL,NULL,NULL,NULL),(1415,2,5,137,NULL,NULL,NULL,NULL),(1416,2,6,137,NULL,NULL,NULL,NULL),(1417,2,7,137,NULL,NULL,NULL,NULL),(1418,2,8,137,NULL,NULL,NULL,NULL),(1419,2,9,137,NULL,NULL,NULL,NULL),(1420,2,10,137,NULL,NULL,NULL,NULL),(1421,2,11,137,NULL,NULL,NULL,NULL),(1422,2,12,137,NULL,NULL,NULL,NULL),(1423,2,13,137,NULL,NULL,NULL,NULL),(1424,2,14,137,NULL,NULL,NULL,NULL),(1425,2,15,137,NULL,NULL,NULL,NULL),(1426,2,16,137,NULL,NULL,NULL,NULL),(1427,2,17,137,NULL,NULL,NULL,NULL),(1428,2,18,137,NULL,NULL,NULL,NULL),(1429,2,19,137,NULL,NULL,NULL,NULL),(1430,2,20,137,NULL,NULL,NULL,NULL),(1431,2,21,137,NULL,NULL,NULL,NULL),(1432,2,22,137,NULL,NULL,NULL,NULL),(1433,2,23,137,NULL,NULL,NULL,NULL),(1434,2,24,137,NULL,NULL,NULL,NULL),(1435,2,25,137,NULL,NULL,NULL,NULL),(1436,2,26,137,NULL,NULL,NULL,NULL),(1437,2,27,137,NULL,NULL,NULL,NULL),(1438,2,28,137,NULL,NULL,NULL,NULL),(1439,2,29,137,NULL,NULL,NULL,NULL),(1440,2,30,137,NULL,NULL,NULL,NULL),(1441,2,1,105,NULL,NULL,NULL,NULL),(1442,2,2,105,NULL,NULL,NULL,NULL),(1443,2,3,105,NULL,NULL,NULL,NULL),(1444,2,4,105,NULL,NULL,NULL,NULL),(1445,2,5,105,NULL,NULL,NULL,NULL),(1446,2,6,105,NULL,NULL,NULL,NULL),(1447,2,7,105,NULL,NULL,NULL,NULL),(1448,2,8,105,NULL,NULL,NULL,NULL),(1449,2,9,105,NULL,NULL,NULL,NULL),(1450,2,10,105,NULL,NULL,NULL,NULL),(1451,2,11,105,NULL,NULL,NULL,NULL),(1452,2,12,105,NULL,NULL,NULL,NULL),(1453,2,13,105,NULL,NULL,NULL,NULL),(1454,2,14,105,NULL,NULL,NULL,NULL),(1455,2,15,105,NULL,NULL,NULL,NULL),(1456,2,16,105,NULL,NULL,NULL,NULL),(1457,2,17,105,NULL,NULL,NULL,NULL),(1458,2,18,105,NULL,NULL,NULL,NULL),(1459,2,19,105,NULL,NULL,NULL,NULL),(1460,2,20,105,NULL,NULL,NULL,NULL),(1461,2,21,105,NULL,NULL,NULL,NULL),(1462,2,22,105,NULL,NULL,NULL,NULL),(1463,2,23,105,NULL,NULL,NULL,NULL),(1464,2,24,105,NULL,NULL,NULL,NULL),(1465,2,25,105,NULL,NULL,NULL,NULL),(1466,2,26,105,NULL,NULL,NULL,NULL),(1467,2,27,105,NULL,NULL,NULL,NULL),(1468,2,28,105,NULL,NULL,NULL,NULL),(1469,2,29,105,NULL,NULL,NULL,NULL),(1470,2,30,105,NULL,NULL,NULL,NULL),(1471,2,1,261,NULL,NULL,NULL,NULL),(1472,2,2,261,NULL,NULL,NULL,NULL),(1473,2,3,261,NULL,NULL,NULL,NULL),(1474,2,4,261,NULL,NULL,NULL,NULL),(1475,2,5,261,NULL,NULL,NULL,NULL),(1476,2,6,261,NULL,NULL,NULL,NULL),(1477,2,7,261,NULL,NULL,NULL,NULL),(1478,2,8,261,NULL,NULL,NULL,NULL),(1479,2,9,261,NULL,NULL,NULL,NULL),(1480,2,10,261,NULL,NULL,NULL,NULL),(1481,2,11,261,NULL,NULL,NULL,NULL),(1482,2,12,261,NULL,NULL,NULL,NULL),(1483,2,13,261,NULL,NULL,NULL,NULL),(1484,2,14,261,NULL,NULL,NULL,NULL),(1485,2,15,261,NULL,NULL,NULL,NULL),(1486,2,16,261,NULL,NULL,NULL,NULL),(1487,2,17,261,NULL,NULL,NULL,NULL),(1488,2,18,261,NULL,NULL,NULL,NULL),(1489,2,19,261,NULL,NULL,NULL,NULL),(1490,2,20,261,NULL,NULL,NULL,NULL),(1491,2,21,261,NULL,NULL,NULL,NULL),(1492,2,22,261,NULL,NULL,NULL,NULL),(1493,2,23,261,NULL,NULL,NULL,NULL),(1494,2,24,261,NULL,NULL,NULL,NULL),(1495,2,25,261,NULL,NULL,NULL,NULL),(1496,2,26,261,NULL,NULL,NULL,NULL),(1497,2,27,261,NULL,NULL,NULL,NULL),(1498,2,28,261,NULL,NULL,NULL,NULL),(1499,2,29,261,NULL,NULL,NULL,NULL),(1500,2,30,261,NULL,NULL,NULL,NULL),(1501,2,1,153,NULL,NULL,NULL,NULL),(1502,2,2,153,NULL,NULL,NULL,NULL),(1503,2,3,153,NULL,NULL,NULL,NULL),(1504,2,4,153,NULL,NULL,NULL,NULL),(1505,2,5,153,NULL,NULL,NULL,NULL),(1506,2,6,153,NULL,NULL,NULL,NULL),(1507,2,7,153,NULL,NULL,NULL,NULL),(1508,2,8,153,NULL,NULL,NULL,NULL),(1509,2,9,153,NULL,NULL,NULL,NULL),(1510,2,10,153,NULL,NULL,NULL,NULL),(1511,2,11,153,NULL,NULL,NULL,NULL),(1512,2,12,153,NULL,NULL,NULL,NULL),(1513,2,13,153,NULL,NULL,NULL,NULL),(1514,2,14,153,NULL,NULL,NULL,NULL),(1515,2,15,153,NULL,NULL,NULL,NULL),(1516,2,16,153,NULL,NULL,NULL,NULL),(1517,2,17,153,NULL,NULL,NULL,NULL),(1518,2,18,153,NULL,NULL,NULL,NULL),(1519,2,19,153,NULL,NULL,NULL,NULL),(1520,2,20,153,NULL,NULL,NULL,NULL),(1521,2,21,153,NULL,NULL,NULL,NULL),(1522,2,22,153,NULL,NULL,NULL,NULL),(1523,2,23,153,NULL,NULL,NULL,NULL),(1524,2,24,153,NULL,NULL,NULL,NULL),(1525,2,25,153,NULL,NULL,NULL,NULL),(1526,2,26,153,NULL,NULL,NULL,NULL),(1527,2,27,153,NULL,NULL,NULL,NULL),(1528,2,28,153,NULL,NULL,NULL,NULL),(1529,2,29,153,NULL,NULL,NULL,NULL),(1530,2,30,153,NULL,NULL,NULL,NULL),(1531,2,1,124,NULL,NULL,NULL,NULL),(1532,2,2,124,NULL,NULL,NULL,NULL),(1533,2,3,124,NULL,NULL,NULL,NULL),(1534,2,4,124,NULL,NULL,NULL,NULL),(1535,2,5,124,NULL,NULL,NULL,NULL),(1536,2,6,124,NULL,NULL,NULL,NULL),(1537,2,7,124,NULL,NULL,NULL,NULL),(1538,2,8,124,NULL,NULL,NULL,NULL),(1539,2,9,124,NULL,NULL,NULL,NULL),(1540,2,10,124,NULL,NULL,NULL,NULL),(1541,2,11,124,NULL,NULL,NULL,NULL),(1542,2,12,124,NULL,NULL,NULL,NULL),(1543,2,13,124,NULL,NULL,NULL,NULL),(1544,2,14,124,NULL,NULL,NULL,NULL),(1545,2,15,124,NULL,NULL,NULL,NULL),(1546,2,16,124,NULL,NULL,NULL,NULL),(1547,2,17,124,NULL,NULL,NULL,NULL),(1548,2,18,124,NULL,NULL,NULL,NULL),(1549,2,19,124,NULL,NULL,NULL,NULL),(1550,2,20,124,NULL,NULL,NULL,NULL),(1551,2,21,124,NULL,NULL,NULL,NULL),(1552,2,22,124,NULL,NULL,NULL,NULL),(1553,2,23,124,NULL,NULL,NULL,NULL),(1554,2,24,124,NULL,NULL,NULL,NULL),(1555,2,25,124,NULL,NULL,NULL,NULL),(1556,2,26,124,NULL,NULL,NULL,NULL),(1557,2,27,124,NULL,NULL,NULL,NULL),(1558,2,28,124,NULL,NULL,NULL,NULL),(1559,2,29,124,NULL,NULL,NULL,NULL),(1560,2,30,124,NULL,NULL,NULL,NULL),(1561,2,1,152,NULL,NULL,NULL,NULL),(1562,2,2,152,NULL,NULL,NULL,NULL),(1563,2,3,152,NULL,NULL,NULL,NULL),(1564,2,4,152,NULL,NULL,NULL,NULL),(1565,2,5,152,NULL,NULL,NULL,NULL),(1566,2,6,152,NULL,NULL,NULL,NULL),(1567,2,7,152,NULL,NULL,NULL,NULL),(1568,2,8,152,NULL,NULL,NULL,NULL),(1569,2,9,152,NULL,NULL,NULL,NULL),(1570,2,10,152,NULL,NULL,NULL,NULL),(1571,2,11,152,NULL,NULL,NULL,NULL),(1572,2,12,152,NULL,NULL,NULL,NULL),(1573,2,13,152,NULL,NULL,NULL,NULL),(1574,2,14,152,NULL,NULL,NULL,NULL),(1575,2,15,152,NULL,NULL,NULL,NULL),(1576,2,16,152,NULL,NULL,NULL,NULL),(1577,2,17,152,NULL,NULL,NULL,NULL),(1578,2,18,152,NULL,NULL,NULL,NULL),(1579,2,19,152,NULL,NULL,NULL,NULL),(1580,2,20,152,NULL,NULL,NULL,NULL),(1581,2,21,152,NULL,NULL,NULL,NULL),(1582,2,22,152,NULL,NULL,NULL,NULL),(1583,2,23,152,NULL,NULL,NULL,NULL),(1584,2,24,152,NULL,NULL,NULL,NULL),(1585,2,25,152,NULL,NULL,NULL,NULL),(1586,2,26,152,NULL,NULL,NULL,NULL),(1587,2,27,152,NULL,NULL,NULL,NULL),(1588,2,28,152,NULL,NULL,NULL,NULL),(1589,2,29,152,NULL,NULL,NULL,NULL),(1590,2,30,152,NULL,NULL,NULL,NULL),(1591,2,1,156,NULL,NULL,NULL,NULL),(1592,2,2,156,NULL,NULL,NULL,NULL),(1593,2,3,156,NULL,NULL,NULL,NULL),(1594,2,4,156,NULL,NULL,NULL,NULL),(1595,2,5,156,NULL,NULL,NULL,NULL),(1596,2,6,156,NULL,NULL,NULL,NULL),(1597,2,7,156,NULL,NULL,NULL,NULL),(1598,2,8,156,NULL,NULL,NULL,NULL),(1599,2,9,156,NULL,NULL,NULL,NULL),(1600,2,10,156,NULL,NULL,NULL,NULL),(1601,2,11,156,NULL,NULL,NULL,NULL),(1602,2,12,156,NULL,NULL,NULL,NULL),(1603,2,13,156,NULL,NULL,NULL,NULL),(1604,2,14,156,NULL,NULL,NULL,NULL),(1605,2,15,156,NULL,NULL,NULL,NULL),(1606,2,16,156,NULL,NULL,NULL,NULL),(1607,2,17,156,NULL,NULL,NULL,NULL),(1608,2,18,156,NULL,NULL,NULL,NULL),(1609,2,19,156,NULL,NULL,NULL,NULL),(1610,2,20,156,NULL,NULL,NULL,NULL),(1611,2,21,156,NULL,NULL,NULL,NULL),(1612,2,22,156,NULL,NULL,NULL,NULL),(1613,2,23,156,NULL,NULL,NULL,NULL),(1614,2,24,156,NULL,NULL,NULL,NULL),(1615,2,25,156,NULL,NULL,NULL,NULL),(1616,2,26,156,NULL,NULL,NULL,NULL),(1617,2,27,156,NULL,NULL,NULL,NULL),(1618,2,28,156,NULL,NULL,NULL,NULL),(1619,2,29,156,NULL,NULL,NULL,NULL),(1620,2,30,156,NULL,NULL,NULL,NULL),(1621,2,1,3691,NULL,NULL,NULL,NULL),(1622,2,2,3691,NULL,NULL,NULL,NULL),(1623,2,3,3691,NULL,NULL,NULL,NULL),(1624,2,4,3691,NULL,NULL,NULL,NULL),(1625,2,5,3691,NULL,NULL,NULL,NULL),(1626,2,6,3691,NULL,NULL,NULL,NULL),(1627,2,7,3691,NULL,NULL,NULL,NULL),(1628,2,8,3691,NULL,NULL,NULL,NULL),(1629,2,9,3691,NULL,NULL,NULL,NULL),(1630,2,10,3691,NULL,NULL,NULL,NULL),(1631,2,11,3691,NULL,NULL,NULL,NULL),(1632,2,12,3691,NULL,NULL,NULL,NULL),(1633,2,13,3691,NULL,NULL,NULL,NULL),(1634,2,14,3691,NULL,NULL,NULL,NULL),(1635,2,15,3691,NULL,NULL,NULL,NULL),(1636,2,16,3691,NULL,NULL,NULL,NULL),(1637,2,17,3691,NULL,NULL,NULL,NULL),(1638,2,18,3691,NULL,NULL,NULL,NULL),(1639,2,19,3691,NULL,NULL,NULL,NULL),(1640,2,20,3691,NULL,NULL,NULL,NULL),(1641,2,21,3691,NULL,NULL,NULL,NULL),(1642,2,22,3691,NULL,NULL,NULL,NULL),(1643,2,23,3691,NULL,NULL,NULL,NULL),(1644,2,24,3691,NULL,NULL,NULL,NULL),(1645,2,25,3691,NULL,NULL,NULL,NULL),(1646,2,26,3691,NULL,NULL,NULL,NULL),(1647,2,27,3691,NULL,NULL,NULL,NULL),(1648,2,28,3691,NULL,NULL,NULL,NULL),(1649,2,29,3691,NULL,NULL,NULL,NULL),(1650,2,30,3691,NULL,NULL,NULL,NULL),(1651,2,1,106,NULL,NULL,NULL,NULL),(1652,2,2,106,NULL,NULL,NULL,NULL),(1653,2,3,106,NULL,NULL,NULL,NULL),(1654,2,4,106,NULL,NULL,NULL,NULL),(1655,2,5,106,NULL,NULL,NULL,NULL),(1656,2,6,106,NULL,NULL,NULL,NULL),(1657,2,7,106,NULL,NULL,NULL,NULL),(1658,2,8,106,NULL,NULL,NULL,NULL),(1659,2,9,106,NULL,NULL,NULL,NULL),(1660,2,10,106,NULL,NULL,NULL,NULL),(1661,2,11,106,NULL,NULL,NULL,NULL),(1662,2,12,106,NULL,NULL,NULL,NULL),(1663,2,13,106,NULL,NULL,NULL,NULL),(1664,2,14,106,NULL,NULL,NULL,NULL),(1665,2,15,106,NULL,NULL,NULL,NULL),(1666,2,16,106,NULL,NULL,NULL,NULL),(1667,2,17,106,NULL,NULL,NULL,NULL),(1668,2,18,106,NULL,NULL,NULL,NULL),(1669,2,19,106,NULL,NULL,NULL,NULL),(1670,2,20,106,NULL,NULL,NULL,NULL),(1671,2,21,106,NULL,NULL,NULL,NULL),(1672,2,22,106,NULL,NULL,NULL,NULL),(1673,2,23,106,NULL,NULL,NULL,NULL),(1674,2,24,106,NULL,NULL,NULL,NULL),(1675,2,25,106,NULL,NULL,NULL,NULL),(1676,2,26,106,NULL,NULL,NULL,NULL),(1677,2,27,106,NULL,NULL,NULL,NULL),(1678,2,28,106,NULL,NULL,NULL,NULL),(1679,2,29,106,NULL,NULL,NULL,NULL),(1680,2,30,106,NULL,NULL,NULL,NULL),(1681,2,1,107,NULL,NULL,NULL,NULL),(1682,2,2,107,NULL,NULL,NULL,NULL),(1683,2,3,107,NULL,NULL,NULL,NULL),(1684,2,4,107,NULL,NULL,NULL,NULL),(1685,2,5,107,NULL,NULL,NULL,NULL),(1686,2,6,107,NULL,NULL,NULL,NULL),(1687,2,7,107,NULL,NULL,NULL,NULL),(1688,2,8,107,NULL,NULL,NULL,NULL),(1689,2,9,107,NULL,NULL,NULL,NULL),(1690,2,10,107,NULL,NULL,NULL,NULL),(1691,2,11,107,NULL,NULL,NULL,NULL),(1692,2,12,107,NULL,NULL,NULL,NULL),(1693,2,13,107,NULL,NULL,NULL,NULL),(1694,2,14,107,NULL,NULL,NULL,NULL),(1695,2,15,107,NULL,NULL,NULL,NULL),(1696,2,16,107,NULL,NULL,NULL,NULL),(1697,2,17,107,NULL,NULL,NULL,NULL),(1698,2,18,107,NULL,NULL,NULL,NULL),(1699,2,19,107,NULL,NULL,NULL,NULL),(1700,2,20,107,NULL,NULL,NULL,NULL),(1701,2,21,107,NULL,NULL,NULL,NULL),(1702,2,22,107,NULL,NULL,NULL,NULL),(1703,2,23,107,NULL,NULL,NULL,NULL),(1704,2,24,107,NULL,NULL,NULL,NULL),(1705,2,25,107,NULL,NULL,NULL,NULL),(1706,2,26,107,NULL,NULL,NULL,NULL),(1707,2,27,107,NULL,NULL,NULL,NULL),(1708,2,28,107,NULL,NULL,NULL,NULL),(1709,2,29,107,NULL,NULL,NULL,NULL),(1710,2,30,107,NULL,NULL,NULL,NULL),(1711,2,1,288,NULL,NULL,NULL,NULL),(1712,2,2,288,NULL,NULL,NULL,NULL),(1713,2,3,288,NULL,NULL,NULL,NULL),(1714,2,4,288,NULL,NULL,NULL,NULL),(1715,2,5,288,NULL,NULL,NULL,NULL),(1716,2,6,288,NULL,NULL,NULL,NULL),(1717,2,7,288,NULL,NULL,NULL,NULL),(1718,2,8,288,NULL,NULL,NULL,NULL),(1719,2,9,288,NULL,NULL,NULL,NULL),(1720,2,10,288,NULL,NULL,NULL,NULL),(1721,2,11,288,NULL,NULL,NULL,NULL),(1722,2,12,288,NULL,NULL,NULL,NULL),(1723,2,13,288,NULL,NULL,NULL,NULL),(1724,2,14,288,NULL,NULL,NULL,NULL),(1725,2,15,288,NULL,NULL,NULL,NULL),(1726,2,16,288,NULL,NULL,NULL,NULL),(1727,2,17,288,NULL,NULL,NULL,NULL),(1728,2,18,288,NULL,NULL,NULL,NULL),(1729,2,19,288,NULL,NULL,NULL,NULL),(1730,2,20,288,NULL,NULL,NULL,NULL),(1731,2,21,288,NULL,NULL,NULL,NULL),(1732,2,22,288,NULL,NULL,NULL,NULL),(1733,2,23,288,NULL,NULL,NULL,NULL),(1734,2,24,288,NULL,NULL,NULL,NULL),(1735,2,25,288,NULL,NULL,NULL,NULL),(1736,2,26,288,NULL,NULL,NULL,NULL),(1737,2,27,288,NULL,NULL,NULL,NULL),(1738,2,28,288,NULL,NULL,NULL,NULL),(1739,2,29,288,NULL,NULL,NULL,NULL),(1740,2,30,288,NULL,NULL,NULL,NULL),(1741,2,1,93,NULL,NULL,NULL,NULL),(1742,2,2,93,NULL,NULL,NULL,NULL),(1743,2,3,93,NULL,NULL,NULL,NULL),(1744,2,4,93,NULL,NULL,NULL,NULL),(1745,2,5,93,NULL,NULL,NULL,NULL),(1746,2,6,93,NULL,NULL,NULL,NULL),(1747,2,7,93,NULL,NULL,NULL,NULL),(1748,2,8,93,NULL,NULL,NULL,NULL),(1749,2,9,93,NULL,NULL,NULL,NULL),(1750,2,10,93,NULL,NULL,NULL,NULL),(1751,2,11,93,NULL,NULL,NULL,NULL),(1752,2,12,93,NULL,NULL,NULL,NULL),(1753,2,13,93,NULL,NULL,NULL,NULL),(1754,2,14,93,NULL,NULL,NULL,NULL),(1755,2,15,93,NULL,NULL,NULL,NULL),(1756,2,16,93,NULL,NULL,NULL,NULL),(1757,2,17,93,NULL,NULL,NULL,NULL),(1758,2,18,93,NULL,NULL,NULL,NULL),(1759,2,19,93,NULL,NULL,NULL,NULL),(1760,2,20,93,NULL,NULL,NULL,NULL),(1761,2,21,93,NULL,NULL,NULL,NULL),(1762,2,22,93,NULL,NULL,NULL,NULL),(1763,2,23,93,NULL,NULL,NULL,NULL),(1764,2,24,93,NULL,NULL,NULL,NULL),(1765,2,25,93,NULL,NULL,NULL,NULL),(1766,2,26,93,NULL,NULL,NULL,NULL),(1767,2,27,93,NULL,NULL,NULL,NULL),(1768,2,28,93,NULL,NULL,NULL,NULL),(1769,2,29,93,NULL,NULL,NULL,NULL),(1770,2,30,93,NULL,NULL,NULL,NULL),(1771,2,1,172,NULL,NULL,NULL,NULL),(1772,2,2,172,NULL,NULL,NULL,NULL),(1773,2,3,172,NULL,NULL,NULL,NULL),(1774,2,4,172,NULL,NULL,NULL,NULL),(1775,2,5,172,NULL,NULL,NULL,NULL),(1776,2,6,172,NULL,NULL,NULL,NULL),(1777,2,7,172,NULL,NULL,NULL,NULL),(1778,2,8,172,NULL,NULL,NULL,NULL),(1779,2,9,172,NULL,NULL,NULL,NULL),(1780,2,10,172,NULL,NULL,NULL,NULL),(1781,2,11,172,NULL,NULL,NULL,NULL),(1782,2,12,172,NULL,NULL,NULL,NULL),(1783,2,13,172,NULL,NULL,NULL,NULL),(1784,2,14,172,NULL,NULL,NULL,NULL),(1785,2,15,172,NULL,NULL,NULL,NULL),(1786,2,16,172,NULL,NULL,NULL,NULL),(1787,2,17,172,NULL,NULL,NULL,NULL),(1788,2,18,172,NULL,NULL,NULL,NULL),(1789,2,19,172,NULL,NULL,NULL,NULL),(1790,2,20,172,NULL,NULL,NULL,NULL),(1791,2,21,172,NULL,NULL,NULL,NULL),(1792,2,22,172,NULL,NULL,NULL,NULL),(1793,2,23,172,NULL,NULL,NULL,NULL),(1794,2,24,172,NULL,NULL,NULL,NULL),(1795,2,25,172,NULL,NULL,NULL,NULL),(1796,2,26,172,NULL,NULL,NULL,NULL),(1797,2,27,172,NULL,NULL,NULL,NULL),(1798,2,28,172,NULL,NULL,NULL,NULL),(1799,2,29,172,NULL,NULL,NULL,NULL),(1800,2,30,172,NULL,NULL,NULL,NULL),(1801,2,1,94,NULL,NULL,NULL,NULL),(1802,2,2,94,NULL,NULL,NULL,NULL),(1803,2,3,94,NULL,NULL,NULL,NULL),(1804,2,4,94,NULL,NULL,NULL,NULL),(1805,2,5,94,NULL,NULL,NULL,NULL),(1806,2,6,94,NULL,NULL,NULL,NULL),(1807,2,7,94,NULL,NULL,NULL,NULL),(1808,2,8,94,NULL,NULL,NULL,NULL),(1809,2,9,94,NULL,NULL,NULL,NULL),(1810,2,10,94,NULL,NULL,NULL,NULL),(1811,2,11,94,NULL,NULL,NULL,NULL),(1812,2,12,94,NULL,NULL,NULL,NULL),(1813,2,13,94,NULL,NULL,NULL,NULL),(1814,2,14,94,NULL,NULL,NULL,NULL),(1815,2,15,94,NULL,NULL,NULL,NULL),(1816,2,16,94,NULL,NULL,NULL,NULL),(1817,2,17,94,NULL,NULL,NULL,NULL),(1818,2,18,94,NULL,NULL,NULL,NULL),(1819,2,19,94,NULL,NULL,NULL,NULL),(1820,2,20,94,NULL,NULL,NULL,NULL),(1821,2,21,94,NULL,NULL,NULL,NULL),(1822,2,22,94,NULL,NULL,NULL,NULL),(1823,2,23,94,NULL,NULL,NULL,NULL),(1824,2,24,94,NULL,NULL,NULL,NULL),(1825,2,25,94,NULL,NULL,NULL,NULL),(1826,2,26,94,NULL,NULL,NULL,NULL),(1827,2,27,94,NULL,NULL,NULL,NULL),(1828,2,28,94,NULL,NULL,NULL,NULL),(1829,2,29,94,NULL,NULL,NULL,NULL),(1830,2,30,94,NULL,NULL,NULL,NULL),(1831,2,1,144,NULL,NULL,NULL,NULL),(1832,2,2,144,NULL,NULL,NULL,NULL),(1833,2,3,144,NULL,NULL,NULL,NULL),(1834,2,4,144,NULL,NULL,NULL,NULL),(1835,2,5,144,NULL,NULL,NULL,NULL),(1836,2,6,144,NULL,NULL,NULL,NULL),(1837,2,7,144,NULL,NULL,NULL,NULL),(1838,2,8,144,NULL,NULL,NULL,NULL),(1839,2,9,144,NULL,NULL,NULL,NULL),(1840,2,10,144,NULL,NULL,NULL,NULL),(1841,2,11,144,NULL,NULL,NULL,NULL),(1842,2,12,144,NULL,NULL,NULL,NULL),(1843,2,13,144,NULL,NULL,NULL,NULL),(1844,2,14,144,NULL,NULL,NULL,NULL),(1845,2,15,144,NULL,NULL,NULL,NULL),(1846,2,16,144,NULL,NULL,NULL,NULL),(1847,2,17,144,NULL,NULL,NULL,NULL),(1848,2,18,144,NULL,NULL,NULL,NULL),(1849,2,19,144,NULL,NULL,NULL,NULL),(1850,2,20,144,NULL,NULL,NULL,NULL),(1851,2,21,144,NULL,NULL,NULL,NULL),(1852,2,22,144,NULL,NULL,NULL,NULL),(1853,2,23,144,NULL,NULL,NULL,NULL),(1854,2,24,144,NULL,NULL,NULL,NULL),(1855,2,25,144,NULL,NULL,NULL,NULL),(1856,2,26,144,NULL,NULL,NULL,NULL),(1857,2,27,144,NULL,NULL,NULL,NULL),(1858,2,28,144,NULL,NULL,NULL,NULL),(1859,2,29,144,NULL,NULL,NULL,NULL),(1860,2,30,144,NULL,NULL,NULL,NULL),(1861,2,1,270,NULL,NULL,NULL,NULL),(1862,2,2,270,NULL,NULL,NULL,NULL),(1863,2,3,270,NULL,NULL,NULL,NULL),(1864,2,4,270,NULL,NULL,NULL,NULL),(1865,2,5,270,NULL,NULL,NULL,NULL),(1866,2,6,270,NULL,NULL,NULL,NULL),(1867,2,7,270,NULL,NULL,NULL,NULL),(1868,2,8,270,NULL,NULL,NULL,NULL),(1869,2,9,270,NULL,NULL,NULL,NULL),(1870,2,10,270,NULL,NULL,NULL,NULL),(1871,2,11,270,NULL,NULL,NULL,NULL),(1872,2,12,270,NULL,NULL,NULL,NULL),(1873,2,13,270,NULL,NULL,NULL,NULL),(1874,2,14,270,NULL,NULL,NULL,NULL),(1875,2,15,270,NULL,NULL,NULL,NULL),(1876,2,16,270,NULL,NULL,NULL,NULL),(1877,2,17,270,NULL,NULL,NULL,NULL),(1878,2,18,270,NULL,NULL,NULL,NULL),(1879,2,19,270,NULL,NULL,NULL,NULL),(1880,2,20,270,NULL,NULL,NULL,NULL),(1881,2,21,270,NULL,NULL,NULL,NULL),(1882,2,22,270,NULL,NULL,NULL,NULL),(1883,2,23,270,NULL,NULL,NULL,NULL),(1884,2,24,270,NULL,NULL,NULL,NULL),(1885,2,25,270,NULL,NULL,NULL,NULL),(1886,2,26,270,NULL,NULL,NULL,NULL),(1887,2,27,270,NULL,NULL,NULL,NULL),(1888,2,28,270,NULL,NULL,NULL,NULL),(1889,2,29,270,NULL,NULL,NULL,NULL),(1890,2,30,270,NULL,NULL,NULL,NULL),(1891,2,1,2795,NULL,NULL,NULL,NULL),(1892,2,2,2795,NULL,NULL,NULL,NULL),(1893,2,3,2795,NULL,NULL,NULL,NULL),(1894,2,4,2795,NULL,NULL,NULL,NULL),(1895,2,5,2795,NULL,NULL,NULL,NULL),(1896,2,6,2795,NULL,NULL,NULL,NULL),(1897,2,7,2795,NULL,NULL,NULL,NULL),(1898,2,8,2795,NULL,NULL,NULL,NULL),(1899,2,9,2795,NULL,NULL,NULL,NULL),(1900,2,10,2795,NULL,NULL,NULL,NULL),(1901,2,11,2795,NULL,NULL,NULL,NULL),(1902,2,12,2795,NULL,NULL,NULL,NULL),(1903,2,13,2795,NULL,NULL,NULL,NULL),(1904,2,14,2795,NULL,NULL,NULL,NULL),(1905,2,15,2795,NULL,NULL,NULL,NULL),(1906,2,16,2795,NULL,NULL,NULL,NULL),(1907,2,17,2795,NULL,NULL,NULL,NULL),(1908,2,18,2795,NULL,NULL,NULL,NULL),(1909,2,19,2795,NULL,NULL,NULL,NULL),(1910,2,20,2795,NULL,NULL,NULL,NULL),(1911,2,21,2795,NULL,NULL,NULL,NULL),(1912,2,22,2795,NULL,NULL,NULL,NULL),(1913,2,23,2795,NULL,NULL,NULL,NULL),(1914,2,24,2795,NULL,NULL,NULL,NULL),(1915,2,25,2795,NULL,NULL,NULL,NULL),(1916,2,26,2795,NULL,NULL,NULL,NULL),(1917,2,27,2795,NULL,NULL,NULL,NULL),(1918,2,28,2795,NULL,NULL,NULL,NULL),(1919,2,29,2795,NULL,NULL,NULL,NULL),(1920,2,30,2795,NULL,NULL,NULL,NULL),(1921,2,1,92,NULL,NULL,NULL,NULL),(1922,2,2,92,NULL,NULL,NULL,NULL),(1923,2,3,92,NULL,NULL,NULL,NULL),(1924,2,4,92,NULL,NULL,NULL,NULL),(1925,2,5,92,NULL,NULL,NULL,NULL),(1926,2,6,92,NULL,NULL,NULL,NULL),(1927,2,7,92,NULL,NULL,NULL,NULL),(1928,2,8,92,NULL,NULL,NULL,NULL),(1929,2,9,92,NULL,NULL,NULL,NULL),(1930,2,10,92,NULL,NULL,NULL,NULL),(1931,2,11,92,NULL,NULL,NULL,NULL),(1932,2,12,92,NULL,NULL,NULL,NULL),(1933,2,13,92,NULL,NULL,NULL,NULL),(1934,2,14,92,NULL,NULL,NULL,NULL),(1935,2,15,92,NULL,NULL,NULL,NULL),(1936,2,16,92,NULL,NULL,NULL,NULL),(1937,2,17,92,NULL,NULL,NULL,NULL),(1938,2,18,92,NULL,NULL,NULL,NULL),(1939,2,19,92,NULL,NULL,NULL,NULL),(1940,2,20,92,NULL,NULL,NULL,NULL),(1941,2,21,92,NULL,NULL,NULL,NULL),(1942,2,22,92,NULL,NULL,NULL,NULL),(1943,2,23,92,NULL,NULL,NULL,NULL),(1944,2,24,92,NULL,NULL,NULL,NULL),(1945,2,25,92,NULL,NULL,NULL,NULL),(1946,2,26,92,NULL,NULL,NULL,NULL),(1947,2,27,92,NULL,NULL,NULL,NULL),(1948,2,28,92,NULL,NULL,NULL,NULL),(1949,2,29,92,NULL,NULL,NULL,NULL),(1950,2,30,92,NULL,NULL,NULL,NULL),(1951,2,1,136,NULL,NULL,NULL,NULL),(1952,2,2,136,NULL,NULL,NULL,NULL),(1953,2,3,136,NULL,NULL,NULL,NULL),(1954,2,4,136,NULL,NULL,NULL,NULL),(1955,2,5,136,NULL,NULL,NULL,NULL),(1956,2,6,136,NULL,NULL,NULL,NULL),(1957,2,7,136,NULL,NULL,NULL,NULL),(1958,2,8,136,NULL,NULL,NULL,NULL),(1959,2,9,136,NULL,NULL,NULL,NULL),(1960,2,10,136,NULL,NULL,NULL,NULL),(1961,2,11,136,NULL,NULL,NULL,NULL),(1962,2,12,136,NULL,NULL,NULL,NULL),(1963,2,13,136,NULL,NULL,NULL,NULL),(1964,2,14,136,NULL,NULL,NULL,NULL),(1965,2,15,136,NULL,NULL,NULL,NULL),(1966,2,16,136,NULL,NULL,NULL,NULL),(1967,2,17,136,NULL,NULL,NULL,NULL),(1968,2,18,136,NULL,NULL,NULL,NULL),(1969,2,19,136,NULL,NULL,NULL,NULL),(1970,2,20,136,NULL,NULL,NULL,NULL),(1971,2,21,136,NULL,NULL,NULL,NULL),(1972,2,22,136,NULL,NULL,NULL,NULL),(1973,2,23,136,NULL,NULL,NULL,NULL),(1974,2,24,136,NULL,NULL,NULL,NULL),(1975,2,25,136,NULL,NULL,NULL,NULL),(1976,2,26,136,NULL,NULL,NULL,NULL),(1977,2,27,136,NULL,NULL,NULL,NULL),(1978,2,28,136,NULL,NULL,NULL,NULL),(1979,2,29,136,NULL,NULL,NULL,NULL),(1980,2,30,136,NULL,NULL,NULL,NULL),(1981,2,1,3595,NULL,NULL,NULL,NULL),(1982,2,2,3595,NULL,NULL,NULL,NULL),(1983,2,3,3595,NULL,NULL,NULL,NULL),(1984,2,4,3595,NULL,NULL,NULL,NULL),(1985,2,5,3595,NULL,NULL,NULL,NULL),(1986,2,6,3595,NULL,NULL,NULL,NULL),(1987,2,7,3595,NULL,NULL,NULL,NULL),(1988,2,8,3595,NULL,NULL,NULL,NULL),(1989,2,9,3595,NULL,NULL,NULL,NULL),(1990,2,10,3595,NULL,NULL,NULL,NULL),(1991,2,11,3595,NULL,NULL,NULL,NULL),(1992,2,12,3595,NULL,NULL,NULL,NULL),(1993,2,13,3595,NULL,NULL,NULL,NULL),(1994,2,14,3595,NULL,NULL,NULL,NULL),(1995,2,15,3595,NULL,NULL,NULL,NULL),(1996,2,16,3595,NULL,NULL,NULL,NULL),(1997,2,17,3595,NULL,NULL,NULL,NULL),(1998,2,18,3595,NULL,NULL,NULL,NULL),(1999,2,19,3595,NULL,NULL,NULL,NULL),(2000,2,20,3595,NULL,NULL,NULL,NULL),(2001,2,21,3595,NULL,NULL,NULL,NULL),(2002,2,22,3595,NULL,NULL,NULL,NULL),(2003,2,23,3595,NULL,NULL,NULL,NULL),(2004,2,24,3595,NULL,NULL,NULL,NULL),(2005,2,25,3595,NULL,NULL,NULL,NULL),(2006,2,26,3595,NULL,NULL,NULL,NULL),(2007,2,27,3595,NULL,NULL,NULL,NULL),(2008,2,28,3595,NULL,NULL,NULL,NULL),(2009,2,29,3595,NULL,NULL,NULL,NULL),(2010,2,30,3595,NULL,NULL,NULL,NULL),(2011,2,1,475,NULL,NULL,NULL,NULL),(2012,2,2,475,NULL,NULL,NULL,NULL),(2013,2,3,475,NULL,NULL,NULL,NULL),(2014,2,4,475,NULL,NULL,NULL,NULL),(2015,2,5,475,NULL,NULL,NULL,NULL),(2016,2,6,475,NULL,NULL,NULL,NULL),(2017,2,7,475,NULL,NULL,NULL,NULL),(2018,2,8,475,NULL,NULL,NULL,NULL),(2019,2,9,475,NULL,NULL,NULL,NULL),(2020,2,10,475,NULL,NULL,NULL,NULL),(2021,2,11,475,NULL,NULL,NULL,NULL),(2022,2,12,475,NULL,NULL,NULL,NULL),(2023,2,13,475,NULL,NULL,NULL,NULL),(2024,2,14,475,NULL,NULL,NULL,NULL),(2025,2,15,475,NULL,NULL,NULL,NULL),(2026,2,16,475,NULL,NULL,NULL,NULL),(2027,2,17,475,NULL,NULL,NULL,NULL),(2028,2,18,475,NULL,NULL,NULL,NULL),(2029,2,19,475,NULL,NULL,NULL,NULL),(2030,2,20,475,NULL,NULL,NULL,NULL),(2031,2,21,475,NULL,NULL,NULL,NULL),(2032,2,22,475,NULL,NULL,NULL,NULL),(2033,2,23,475,NULL,NULL,NULL,NULL),(2034,2,24,475,NULL,NULL,NULL,NULL),(2035,2,25,475,NULL,NULL,NULL,NULL),(2036,2,26,475,NULL,NULL,NULL,NULL),(2037,2,27,475,NULL,NULL,NULL,NULL),(2038,2,28,475,NULL,NULL,NULL,NULL),(2039,2,29,475,NULL,NULL,NULL,NULL),(2040,2,30,475,NULL,NULL,NULL,NULL),(2041,2,1,164,NULL,NULL,NULL,NULL),(2042,2,2,164,NULL,NULL,NULL,NULL),(2043,2,3,164,NULL,NULL,NULL,NULL),(2044,2,4,164,NULL,NULL,NULL,NULL),(2045,2,5,164,NULL,NULL,NULL,NULL),(2046,2,6,164,NULL,NULL,NULL,NULL),(2047,2,7,164,NULL,NULL,NULL,NULL),(2048,2,8,164,NULL,NULL,NULL,NULL),(2049,2,9,164,NULL,NULL,NULL,NULL),(2050,2,10,164,NULL,NULL,NULL,NULL),(2051,2,11,164,NULL,NULL,NULL,NULL),(2052,2,12,164,NULL,NULL,NULL,NULL),(2053,2,13,164,NULL,NULL,NULL,NULL),(2054,2,14,164,NULL,NULL,NULL,NULL),(2055,2,15,164,NULL,NULL,NULL,NULL),(2056,2,16,164,NULL,NULL,NULL,NULL),(2057,2,17,164,NULL,NULL,NULL,NULL),(2058,2,18,164,NULL,NULL,NULL,NULL),(2059,2,19,164,NULL,NULL,NULL,NULL),(2060,2,20,164,NULL,NULL,NULL,NULL),(2061,2,21,164,NULL,NULL,NULL,NULL),(2062,2,22,164,NULL,NULL,NULL,NULL),(2063,2,23,164,NULL,NULL,NULL,NULL),(2064,2,24,164,NULL,NULL,NULL,NULL),(2065,2,25,164,NULL,NULL,NULL,NULL),(2066,2,26,164,NULL,NULL,NULL,NULL),(2067,2,27,164,NULL,NULL,NULL,NULL),(2068,2,28,164,NULL,NULL,NULL,NULL),(2069,2,29,164,NULL,NULL,NULL,NULL),(2070,2,30,164,NULL,NULL,NULL,NULL),(2071,2,1,155,NULL,NULL,NULL,NULL),(2072,2,2,155,NULL,NULL,NULL,NULL),(2073,2,3,155,NULL,NULL,NULL,NULL),(2074,2,4,155,NULL,NULL,NULL,NULL),(2075,2,5,155,NULL,NULL,NULL,NULL),(2076,2,6,155,NULL,NULL,NULL,NULL),(2077,2,7,155,NULL,NULL,NULL,NULL),(2078,2,8,155,NULL,NULL,NULL,NULL),(2079,2,9,155,NULL,NULL,NULL,NULL),(2080,2,10,155,NULL,NULL,NULL,NULL),(2081,2,11,155,NULL,NULL,NULL,NULL),(2082,2,12,155,NULL,NULL,NULL,NULL),(2083,2,13,155,NULL,NULL,NULL,NULL),(2084,2,14,155,NULL,NULL,NULL,NULL),(2085,2,15,155,NULL,NULL,NULL,NULL),(2086,2,16,155,NULL,NULL,NULL,NULL),(2087,2,17,155,NULL,NULL,NULL,NULL),(2088,2,18,155,NULL,NULL,NULL,NULL),(2089,2,19,155,NULL,NULL,NULL,NULL),(2090,2,20,155,NULL,NULL,NULL,NULL),(2091,2,21,155,NULL,NULL,NULL,NULL),(2092,2,22,155,NULL,NULL,NULL,NULL),(2093,2,23,155,NULL,NULL,NULL,NULL),(2094,2,24,155,NULL,NULL,NULL,NULL),(2095,2,25,155,NULL,NULL,NULL,NULL),(2096,2,26,155,NULL,NULL,NULL,NULL),(2097,2,27,155,NULL,NULL,NULL,NULL),(2098,2,28,155,NULL,NULL,NULL,NULL),(2099,2,29,155,NULL,NULL,NULL,NULL),(2100,2,30,155,NULL,NULL,NULL,NULL),(2101,2,1,284,NULL,NULL,NULL,NULL),(2102,2,2,284,NULL,NULL,NULL,NULL),(2103,2,3,284,NULL,NULL,NULL,NULL),(2104,2,4,284,NULL,NULL,NULL,NULL),(2105,2,5,284,NULL,NULL,NULL,NULL),(2106,2,6,284,NULL,NULL,NULL,NULL),(2107,2,7,284,NULL,NULL,NULL,NULL),(2108,2,8,284,NULL,NULL,NULL,NULL),(2109,2,9,284,NULL,NULL,NULL,NULL),(2110,2,10,284,NULL,NULL,NULL,NULL),(2111,2,11,284,NULL,NULL,NULL,NULL),(2112,2,12,284,NULL,NULL,NULL,NULL),(2113,2,13,284,NULL,NULL,NULL,NULL),(2114,2,14,284,NULL,NULL,NULL,NULL),(2115,2,15,284,NULL,NULL,NULL,NULL),(2116,2,16,284,NULL,NULL,NULL,NULL),(2117,2,17,284,NULL,NULL,NULL,NULL),(2118,2,18,284,NULL,NULL,NULL,NULL),(2119,2,19,284,NULL,NULL,NULL,NULL),(2120,2,20,284,NULL,NULL,NULL,NULL),(2121,2,21,284,NULL,NULL,NULL,NULL),(2122,2,22,284,NULL,NULL,NULL,NULL),(2123,2,23,284,NULL,NULL,NULL,NULL),(2124,2,24,284,NULL,NULL,NULL,NULL),(2125,2,25,284,NULL,NULL,NULL,NULL),(2126,2,26,284,NULL,NULL,NULL,NULL),(2127,2,27,284,NULL,NULL,NULL,NULL),(2128,2,28,284,NULL,NULL,NULL,NULL),(2129,2,29,284,NULL,NULL,NULL,NULL),(2130,2,30,284,NULL,NULL,NULL,NULL),(2131,2,1,1030,NULL,NULL,NULL,NULL),(2132,2,2,1030,NULL,NULL,NULL,NULL),(2133,2,3,1030,NULL,NULL,NULL,NULL),(2134,2,4,1030,NULL,NULL,NULL,NULL),(2135,2,5,1030,NULL,NULL,NULL,NULL),(2136,2,6,1030,NULL,NULL,NULL,NULL),(2137,2,7,1030,NULL,NULL,NULL,NULL),(2138,2,8,1030,NULL,NULL,NULL,NULL),(2139,2,9,1030,NULL,NULL,NULL,NULL),(2140,2,10,1030,NULL,NULL,NULL,NULL),(2141,2,11,1030,NULL,NULL,NULL,NULL),(2142,2,12,1030,NULL,NULL,NULL,NULL),(2143,2,13,1030,NULL,NULL,NULL,NULL),(2144,2,14,1030,NULL,NULL,NULL,NULL),(2145,2,15,1030,NULL,NULL,NULL,NULL),(2146,2,16,1030,NULL,NULL,NULL,NULL),(2147,2,17,1030,NULL,NULL,NULL,NULL),(2148,2,18,1030,NULL,NULL,NULL,NULL),(2149,2,19,1030,NULL,NULL,NULL,NULL),(2150,2,20,1030,NULL,NULL,NULL,NULL),(2151,2,21,1030,NULL,NULL,NULL,NULL),(2152,2,22,1030,NULL,NULL,NULL,NULL),(2153,2,23,1030,NULL,NULL,NULL,NULL),(2154,2,24,1030,NULL,NULL,NULL,NULL),(2155,2,25,1030,NULL,NULL,NULL,NULL),(2156,2,26,1030,NULL,NULL,NULL,NULL),(2157,2,27,1030,NULL,NULL,NULL,NULL),(2158,2,28,1030,NULL,NULL,NULL,NULL),(2159,2,29,1030,NULL,NULL,NULL,NULL),(2160,2,30,1030,NULL,NULL,NULL,NULL),(2161,2,1,162,NULL,NULL,NULL,NULL),(2162,2,2,162,NULL,NULL,NULL,NULL),(2163,2,3,162,NULL,NULL,NULL,NULL),(2164,2,4,162,NULL,NULL,NULL,NULL),(2165,2,5,162,NULL,NULL,NULL,NULL),(2166,2,6,162,NULL,NULL,NULL,NULL),(2167,2,7,162,NULL,NULL,NULL,NULL),(2168,2,8,162,NULL,NULL,NULL,NULL),(2169,2,9,162,NULL,NULL,NULL,NULL),(2170,2,10,162,NULL,NULL,NULL,NULL),(2171,2,11,162,NULL,NULL,NULL,NULL),(2172,2,12,162,NULL,NULL,NULL,NULL),(2173,2,13,162,NULL,NULL,NULL,NULL),(2174,2,14,162,NULL,NULL,NULL,NULL),(2175,2,15,162,NULL,NULL,NULL,NULL),(2176,2,16,162,NULL,NULL,NULL,NULL),(2177,2,17,162,NULL,NULL,NULL,NULL),(2178,2,18,162,NULL,NULL,NULL,NULL),(2179,2,19,162,NULL,NULL,NULL,NULL),(2180,2,20,162,NULL,NULL,NULL,NULL),(2181,2,21,162,NULL,NULL,NULL,NULL),(2182,2,22,162,NULL,NULL,NULL,NULL),(2183,2,23,162,NULL,NULL,NULL,NULL),(2184,2,24,162,NULL,NULL,NULL,NULL),(2185,2,25,162,NULL,NULL,NULL,NULL),(2186,2,26,162,NULL,NULL,NULL,NULL),(2187,2,27,162,NULL,NULL,NULL,NULL),(2188,2,28,162,NULL,NULL,NULL,NULL),(2189,2,29,162,NULL,NULL,NULL,NULL),(2190,2,30,162,NULL,NULL,NULL,NULL),(2191,2,1,3688,NULL,NULL,NULL,NULL),(2192,2,2,3688,NULL,NULL,NULL,NULL),(2193,2,3,3688,NULL,NULL,NULL,NULL),(2194,2,4,3688,NULL,NULL,NULL,NULL),(2195,2,5,3688,NULL,NULL,NULL,NULL),(2196,2,6,3688,NULL,NULL,NULL,NULL),(2197,2,7,3688,NULL,NULL,NULL,NULL),(2198,2,8,3688,NULL,NULL,NULL,NULL),(2199,2,9,3688,NULL,NULL,NULL,NULL),(2200,2,10,3688,NULL,NULL,NULL,NULL),(2201,2,11,3688,NULL,NULL,NULL,NULL),(2202,2,12,3688,NULL,NULL,NULL,NULL),(2203,2,13,3688,NULL,NULL,NULL,NULL),(2204,2,14,3688,NULL,NULL,NULL,NULL),(2205,2,15,3688,NULL,NULL,NULL,NULL),(2206,2,16,3688,NULL,NULL,NULL,NULL),(2207,2,17,3688,NULL,NULL,NULL,NULL),(2208,2,18,3688,NULL,NULL,NULL,NULL),(2209,2,19,3688,NULL,NULL,NULL,NULL),(2210,2,20,3688,NULL,NULL,NULL,NULL),(2211,2,21,3688,NULL,NULL,NULL,NULL),(2212,2,22,3688,NULL,NULL,NULL,NULL),(2213,2,23,3688,NULL,NULL,NULL,NULL),(2214,2,24,3688,NULL,NULL,NULL,NULL),(2215,2,25,3688,NULL,NULL,NULL,NULL),(2216,2,26,3688,NULL,NULL,NULL,NULL),(2217,2,27,3688,NULL,NULL,NULL,NULL),(2218,2,28,3688,NULL,NULL,NULL,NULL),(2219,2,29,3688,NULL,NULL,NULL,NULL),(2220,2,30,3688,NULL,NULL,NULL,NULL),(2221,2,1,91,NULL,NULL,NULL,NULL),(2222,2,2,91,NULL,NULL,NULL,NULL),(2223,2,3,91,NULL,NULL,NULL,NULL),(2224,2,4,91,NULL,NULL,NULL,NULL),(2225,2,5,91,NULL,NULL,NULL,NULL),(2226,2,6,91,NULL,NULL,NULL,NULL),(2227,2,7,91,NULL,NULL,NULL,NULL),(2228,2,8,91,NULL,NULL,NULL,NULL),(2229,2,9,91,NULL,NULL,NULL,NULL),(2230,2,10,91,NULL,NULL,NULL,NULL),(2231,2,11,91,NULL,NULL,NULL,NULL),(2232,2,12,91,NULL,NULL,NULL,NULL),(2233,2,13,91,NULL,NULL,NULL,NULL),(2234,2,14,91,NULL,NULL,NULL,NULL),(2235,2,15,91,NULL,NULL,NULL,NULL),(2236,2,16,91,NULL,NULL,NULL,NULL),(2237,2,17,91,NULL,NULL,NULL,NULL),(2238,2,18,91,NULL,NULL,NULL,NULL),(2239,2,19,91,NULL,NULL,NULL,NULL),(2240,2,20,91,NULL,NULL,NULL,NULL),(2241,2,21,91,NULL,NULL,NULL,NULL),(2242,2,22,91,NULL,NULL,NULL,NULL),(2243,2,23,91,NULL,NULL,NULL,NULL),(2244,2,24,91,NULL,NULL,NULL,NULL),(2245,2,25,91,NULL,NULL,NULL,NULL),(2246,2,26,91,NULL,NULL,NULL,NULL),(2247,2,27,91,NULL,NULL,NULL,NULL),(2248,2,28,91,NULL,NULL,NULL,NULL),(2249,2,29,91,NULL,NULL,NULL,NULL),(2250,2,30,91,NULL,NULL,NULL,NULL),(2251,2,1,202,NULL,NULL,NULL,NULL),(2252,2,2,202,NULL,NULL,NULL,NULL),(2253,2,3,202,NULL,NULL,NULL,NULL),(2254,2,4,202,NULL,NULL,NULL,NULL),(2255,2,5,202,NULL,NULL,NULL,NULL),(2256,2,6,202,NULL,NULL,NULL,NULL),(2257,2,7,202,NULL,NULL,NULL,NULL),(2258,2,8,202,NULL,NULL,NULL,NULL),(2259,2,9,202,NULL,NULL,NULL,NULL),(2260,2,10,202,NULL,NULL,NULL,NULL),(2261,2,11,202,NULL,NULL,NULL,NULL),(2262,2,12,202,NULL,NULL,NULL,NULL),(2263,2,13,202,NULL,NULL,NULL,NULL),(2264,2,14,202,NULL,NULL,NULL,NULL),(2265,2,15,202,NULL,NULL,NULL,NULL),(2266,2,16,202,NULL,NULL,NULL,NULL),(2267,2,17,202,NULL,NULL,NULL,NULL),(2268,2,18,202,NULL,NULL,NULL,NULL),(2269,2,19,202,NULL,NULL,NULL,NULL),(2270,2,20,202,NULL,NULL,NULL,NULL),(2271,2,21,202,NULL,NULL,NULL,NULL),(2272,2,22,202,NULL,NULL,NULL,NULL),(2273,2,23,202,NULL,NULL,NULL,NULL),(2274,2,24,202,NULL,NULL,NULL,NULL),(2275,2,25,202,NULL,NULL,NULL,NULL),(2276,2,26,202,NULL,NULL,NULL,NULL),(2277,2,27,202,NULL,NULL,NULL,NULL),(2278,2,28,202,NULL,NULL,NULL,NULL),(2279,2,29,202,NULL,NULL,NULL,NULL),(2280,2,30,202,NULL,NULL,NULL,NULL),(2281,2,1,510,NULL,NULL,NULL,NULL),(2282,2,2,510,NULL,NULL,NULL,NULL),(2283,2,3,510,NULL,NULL,NULL,NULL),(2284,2,4,510,NULL,NULL,NULL,NULL),(2285,2,5,510,NULL,NULL,NULL,NULL),(2286,2,6,510,NULL,NULL,NULL,NULL),(2287,2,7,510,NULL,NULL,NULL,NULL),(2288,2,8,510,NULL,NULL,NULL,NULL),(2289,2,9,510,NULL,NULL,NULL,NULL),(2290,2,10,510,NULL,NULL,NULL,NULL),(2291,2,11,510,NULL,NULL,NULL,NULL),(2292,2,12,510,NULL,NULL,NULL,NULL),(2293,2,13,510,NULL,NULL,NULL,NULL),(2294,2,14,510,NULL,NULL,NULL,NULL),(2295,2,15,510,NULL,NULL,NULL,NULL),(2296,2,16,510,NULL,NULL,NULL,NULL),(2297,2,17,510,NULL,NULL,NULL,NULL),(2298,2,18,510,NULL,NULL,NULL,NULL),(2299,2,19,510,NULL,NULL,NULL,NULL),(2300,2,20,510,NULL,NULL,NULL,NULL),(2301,2,21,510,NULL,NULL,NULL,NULL),(2302,2,22,510,NULL,NULL,NULL,NULL),(2303,2,23,510,NULL,NULL,NULL,NULL),(2304,2,24,510,NULL,NULL,NULL,NULL),(2305,2,25,510,NULL,NULL,NULL,NULL),(2306,2,26,510,NULL,NULL,NULL,NULL),(2307,2,27,510,NULL,NULL,NULL,NULL),(2308,2,28,510,NULL,NULL,NULL,NULL),(2309,2,29,510,NULL,NULL,NULL,NULL),(2310,2,30,510,NULL,NULL,NULL,NULL),(2311,2,1,656,NULL,NULL,NULL,NULL),(2312,2,2,656,NULL,NULL,NULL,NULL),(2313,2,3,656,NULL,NULL,NULL,NULL),(2314,2,4,656,NULL,NULL,NULL,NULL),(2315,2,5,656,NULL,NULL,NULL,NULL),(2316,2,6,656,NULL,NULL,NULL,NULL),(2317,2,7,656,NULL,NULL,NULL,NULL),(2318,2,8,656,NULL,NULL,NULL,NULL),(2319,2,9,656,NULL,NULL,NULL,NULL),(2320,2,10,656,NULL,NULL,NULL,NULL),(2321,2,11,656,NULL,NULL,NULL,NULL),(2322,2,12,656,NULL,NULL,NULL,NULL),(2323,2,13,656,NULL,NULL,NULL,NULL),(2324,2,14,656,NULL,NULL,NULL,NULL),(2325,2,15,656,NULL,NULL,NULL,NULL),(2326,2,16,656,NULL,NULL,NULL,NULL),(2327,2,17,656,NULL,NULL,NULL,NULL),(2328,2,18,656,NULL,NULL,NULL,NULL),(2329,2,19,656,NULL,NULL,NULL,NULL),(2330,2,20,656,NULL,NULL,NULL,NULL),(2331,2,21,656,NULL,NULL,NULL,NULL),(2332,2,22,656,NULL,NULL,NULL,NULL),(2333,2,23,656,NULL,NULL,NULL,NULL),(2334,2,24,656,NULL,NULL,NULL,NULL),(2335,2,25,656,NULL,NULL,NULL,NULL),(2336,2,26,656,NULL,NULL,NULL,NULL),(2337,2,27,656,NULL,NULL,NULL,NULL),(2338,2,28,656,NULL,NULL,NULL,NULL),(2339,2,29,656,NULL,NULL,NULL,NULL),(2340,2,30,656,NULL,NULL,NULL,NULL),(2341,2,1,143,NULL,NULL,NULL,NULL),(2342,2,2,143,NULL,NULL,NULL,NULL),(2343,2,3,143,NULL,NULL,NULL,NULL),(2344,2,4,143,NULL,NULL,NULL,NULL),(2345,2,5,143,NULL,NULL,NULL,NULL),(2346,2,6,143,NULL,NULL,NULL,NULL),(2347,2,7,143,NULL,NULL,NULL,NULL),(2348,2,8,143,NULL,NULL,NULL,NULL),(2349,2,9,143,NULL,NULL,NULL,NULL),(2350,2,10,143,NULL,NULL,NULL,NULL),(2351,2,11,143,NULL,NULL,NULL,NULL),(2352,2,12,143,NULL,NULL,NULL,NULL),(2353,2,13,143,NULL,NULL,NULL,NULL),(2354,2,14,143,NULL,NULL,NULL,NULL),(2355,2,15,143,NULL,NULL,NULL,NULL),(2356,2,16,143,NULL,NULL,NULL,NULL),(2357,2,17,143,NULL,NULL,NULL,NULL),(2358,2,18,143,NULL,NULL,NULL,NULL),(2359,2,19,143,NULL,NULL,NULL,NULL),(2360,2,20,143,NULL,NULL,NULL,NULL),(2361,2,21,143,NULL,NULL,NULL,NULL),(2362,2,22,143,NULL,NULL,NULL,NULL),(2363,2,23,143,NULL,NULL,NULL,NULL),(2364,2,24,143,NULL,NULL,NULL,NULL),(2365,2,25,143,NULL,NULL,NULL,NULL),(2366,2,26,143,NULL,NULL,NULL,NULL),(2367,2,27,143,NULL,NULL,NULL,NULL),(2368,2,28,143,NULL,NULL,NULL,NULL),(2369,2,29,143,NULL,NULL,NULL,NULL),(2370,2,30,143,NULL,NULL,NULL,NULL),(2371,2,1,196,NULL,NULL,NULL,NULL),(2372,2,2,196,NULL,NULL,NULL,NULL),(2373,2,3,196,NULL,NULL,NULL,NULL),(2374,2,4,196,NULL,NULL,NULL,NULL),(2375,2,5,196,NULL,NULL,NULL,NULL),(2376,2,6,196,NULL,NULL,NULL,NULL),(2377,2,7,196,NULL,NULL,NULL,NULL),(2378,2,8,196,NULL,NULL,NULL,NULL),(2379,2,9,196,NULL,NULL,NULL,NULL),(2380,2,10,196,NULL,NULL,NULL,NULL),(2381,2,11,196,NULL,NULL,NULL,NULL),(2382,2,12,196,NULL,NULL,NULL,NULL),(2383,2,13,196,NULL,NULL,NULL,NULL),(2384,2,14,196,NULL,NULL,NULL,NULL),(2385,2,15,196,NULL,NULL,NULL,NULL),(2386,2,16,196,NULL,NULL,NULL,NULL),(2387,2,17,196,NULL,NULL,NULL,NULL),(2388,2,18,196,NULL,NULL,NULL,NULL),(2389,2,19,196,NULL,NULL,NULL,NULL),(2390,2,20,196,NULL,NULL,NULL,NULL),(2391,2,21,196,NULL,NULL,NULL,NULL),(2392,2,22,196,NULL,NULL,NULL,NULL),(2393,2,23,196,NULL,NULL,NULL,NULL),(2394,2,24,196,NULL,NULL,NULL,NULL),(2395,2,25,196,NULL,NULL,NULL,NULL),(2396,2,26,196,NULL,NULL,NULL,NULL),(2397,2,27,196,NULL,NULL,NULL,NULL),(2398,2,28,196,NULL,NULL,NULL,NULL),(2399,2,29,196,NULL,NULL,NULL,NULL),(2400,2,30,196,NULL,NULL,NULL,NULL),(2401,2,1,151,NULL,NULL,NULL,NULL),(2402,2,2,151,NULL,NULL,NULL,NULL),(2403,2,3,151,NULL,NULL,NULL,NULL),(2404,2,4,151,NULL,NULL,NULL,NULL),(2405,2,5,151,NULL,NULL,NULL,NULL),(2406,2,6,151,NULL,NULL,NULL,NULL),(2407,2,7,151,NULL,NULL,NULL,NULL),(2408,2,8,151,NULL,NULL,NULL,NULL),(2409,2,9,151,NULL,NULL,NULL,NULL),(2410,2,10,151,NULL,NULL,NULL,NULL),(2411,2,11,151,NULL,NULL,NULL,NULL),(2412,2,12,151,NULL,NULL,NULL,NULL),(2413,2,13,151,NULL,NULL,NULL,NULL),(2414,2,14,151,NULL,NULL,NULL,NULL),(2415,2,15,151,NULL,NULL,NULL,NULL),(2416,2,16,151,NULL,NULL,NULL,NULL),(2417,2,17,151,NULL,NULL,NULL,NULL),(2418,2,18,151,NULL,NULL,NULL,NULL),(2419,2,19,151,NULL,NULL,NULL,NULL),(2420,2,20,151,NULL,NULL,NULL,NULL),(2421,2,21,151,NULL,NULL,NULL,NULL),(2422,2,22,151,NULL,NULL,NULL,NULL),(2423,2,23,151,NULL,NULL,NULL,NULL),(2424,2,24,151,NULL,NULL,NULL,NULL),(2425,2,25,151,NULL,NULL,NULL,NULL),(2426,2,26,151,NULL,NULL,NULL,NULL),(2427,2,27,151,NULL,NULL,NULL,NULL),(2428,2,28,151,NULL,NULL,NULL,NULL),(2429,2,29,151,NULL,NULL,NULL,NULL),(2430,2,30,151,NULL,NULL,NULL,NULL),(2431,2,1,687,NULL,NULL,NULL,NULL),(2432,2,2,687,NULL,NULL,NULL,NULL),(2433,2,3,687,NULL,NULL,NULL,NULL),(2434,2,4,687,NULL,NULL,NULL,NULL),(2435,2,5,687,NULL,NULL,NULL,NULL),(2436,2,6,687,NULL,NULL,NULL,NULL),(2437,2,7,687,NULL,NULL,NULL,NULL),(2438,2,8,687,NULL,NULL,NULL,NULL),(2439,2,9,687,NULL,NULL,NULL,NULL),(2440,2,10,687,NULL,NULL,NULL,NULL),(2441,2,11,687,NULL,NULL,NULL,NULL),(2442,2,12,687,NULL,NULL,NULL,NULL),(2443,2,13,687,NULL,NULL,NULL,NULL),(2444,2,14,687,NULL,NULL,NULL,NULL),(2445,2,15,687,NULL,NULL,NULL,NULL),(2446,2,16,687,NULL,NULL,NULL,NULL),(2447,2,17,687,NULL,NULL,NULL,NULL),(2448,2,18,687,NULL,NULL,NULL,NULL),(2449,2,19,687,NULL,NULL,NULL,NULL),(2450,2,20,687,NULL,NULL,NULL,NULL),(2451,2,21,687,NULL,NULL,NULL,NULL),(2452,2,22,687,NULL,NULL,NULL,NULL),(2453,2,23,687,NULL,NULL,NULL,NULL),(2454,2,24,687,NULL,NULL,NULL,NULL),(2455,2,25,687,NULL,NULL,NULL,NULL),(2456,2,26,687,NULL,NULL,NULL,NULL),(2457,2,27,687,NULL,NULL,NULL,NULL),(2458,2,28,687,NULL,NULL,NULL,NULL),(2459,2,29,687,NULL,NULL,NULL,NULL),(2460,2,30,687,NULL,NULL,NULL,NULL),(2461,2,1,439,NULL,NULL,NULL,NULL),(2462,2,2,439,NULL,NULL,NULL,NULL),(2463,2,3,439,NULL,NULL,NULL,NULL),(2464,2,4,439,NULL,NULL,NULL,NULL),(2465,2,5,439,NULL,NULL,NULL,NULL),(2466,2,6,439,NULL,NULL,NULL,NULL),(2467,2,7,439,NULL,NULL,NULL,NULL),(2468,2,8,439,NULL,NULL,NULL,NULL),(2469,2,9,439,NULL,NULL,NULL,NULL),(2470,2,10,439,NULL,NULL,NULL,NULL),(2471,2,11,439,NULL,NULL,NULL,NULL),(2472,2,12,439,NULL,NULL,NULL,NULL),(2473,2,13,439,NULL,NULL,NULL,NULL),(2474,2,14,439,NULL,NULL,NULL,NULL),(2475,2,15,439,NULL,NULL,NULL,NULL),(2476,2,16,439,NULL,NULL,NULL,NULL),(2477,2,17,439,NULL,NULL,NULL,NULL),(2478,2,18,439,NULL,NULL,NULL,NULL),(2479,2,19,439,NULL,NULL,NULL,NULL),(2480,2,20,439,NULL,NULL,NULL,NULL),(2481,2,21,439,NULL,NULL,NULL,NULL),(2482,2,22,439,NULL,NULL,NULL,NULL),(2483,2,23,439,NULL,NULL,NULL,NULL),(2484,2,24,439,NULL,NULL,NULL,NULL),(2485,2,25,439,NULL,NULL,NULL,NULL),(2486,2,26,439,NULL,NULL,NULL,NULL),(2487,2,27,439,NULL,NULL,NULL,NULL),(2488,2,28,439,NULL,NULL,NULL,NULL),(2489,2,29,439,NULL,NULL,NULL,NULL),(2490,2,30,439,NULL,NULL,NULL,NULL),(2491,2,1,325,NULL,NULL,NULL,NULL),(2492,2,2,325,NULL,NULL,NULL,NULL),(2493,2,3,325,NULL,NULL,NULL,NULL),(2494,2,4,325,NULL,NULL,NULL,NULL),(2495,2,5,325,NULL,NULL,NULL,NULL),(2496,2,6,325,NULL,NULL,NULL,NULL),(2497,2,7,325,NULL,NULL,NULL,NULL),(2498,2,8,325,NULL,NULL,NULL,NULL),(2499,2,9,325,NULL,NULL,NULL,NULL),(2500,2,10,325,NULL,NULL,NULL,NULL),(2501,2,11,325,NULL,NULL,NULL,NULL),(2502,2,12,325,NULL,NULL,NULL,NULL),(2503,2,13,325,NULL,NULL,NULL,NULL),(2504,2,14,325,NULL,NULL,NULL,NULL),(2505,2,15,325,NULL,NULL,NULL,NULL),(2506,2,16,325,NULL,NULL,NULL,NULL),(2507,2,17,325,NULL,NULL,NULL,NULL),(2508,2,18,325,NULL,NULL,NULL,NULL),(2509,2,19,325,NULL,NULL,NULL,NULL),(2510,2,20,325,NULL,NULL,NULL,NULL),(2511,2,21,325,NULL,NULL,NULL,NULL),(2512,2,22,325,NULL,NULL,NULL,NULL),(2513,2,23,325,NULL,NULL,NULL,NULL),(2514,2,24,325,NULL,NULL,NULL,NULL),(2515,2,25,325,NULL,NULL,NULL,NULL),(2516,2,26,325,NULL,NULL,NULL,NULL),(2517,2,27,325,NULL,NULL,NULL,NULL),(2518,2,28,325,NULL,NULL,NULL,NULL),(2519,2,29,325,NULL,NULL,NULL,NULL),(2520,2,30,325,NULL,NULL,NULL,NULL),(2521,2,1,159,NULL,NULL,NULL,NULL),(2522,2,2,159,NULL,NULL,NULL,NULL),(2523,2,3,159,NULL,NULL,NULL,NULL),(2524,2,4,159,NULL,NULL,NULL,NULL),(2525,2,5,159,NULL,NULL,NULL,NULL),(2526,2,6,159,NULL,NULL,NULL,NULL),(2527,2,7,159,NULL,NULL,NULL,NULL),(2528,2,8,159,NULL,NULL,NULL,NULL),(2529,2,9,159,NULL,NULL,NULL,NULL),(2530,2,10,159,NULL,NULL,NULL,NULL),(2531,2,11,159,NULL,NULL,NULL,NULL),(2532,2,12,159,NULL,NULL,NULL,NULL),(2533,2,13,159,NULL,NULL,NULL,NULL),(2534,2,14,159,NULL,NULL,NULL,NULL),(2535,2,15,159,NULL,NULL,NULL,NULL),(2536,2,16,159,NULL,NULL,NULL,NULL),(2537,2,17,159,NULL,NULL,NULL,NULL),(2538,2,18,159,NULL,NULL,NULL,NULL),(2539,2,19,159,NULL,NULL,NULL,NULL),(2540,2,20,159,NULL,NULL,NULL,NULL),(2541,2,21,159,NULL,NULL,NULL,NULL),(2542,2,22,159,NULL,NULL,NULL,NULL),(2543,2,23,159,NULL,NULL,NULL,NULL),(2544,2,24,159,NULL,NULL,NULL,NULL),(2545,2,25,159,NULL,NULL,NULL,NULL),(2546,2,26,159,NULL,NULL,NULL,NULL),(2547,2,27,159,NULL,NULL,NULL,NULL),(2548,2,28,159,NULL,NULL,NULL,NULL),(2549,2,29,159,NULL,NULL,NULL,NULL),(2550,2,30,159,NULL,NULL,NULL,NULL),(2551,2,1,885,NULL,NULL,NULL,NULL),(2552,2,2,885,NULL,NULL,NULL,NULL),(2553,2,3,885,NULL,NULL,NULL,NULL),(2554,2,4,885,NULL,NULL,NULL,NULL),(2555,2,5,885,NULL,NULL,NULL,NULL),(2556,2,6,885,NULL,NULL,NULL,NULL),(2557,2,7,885,NULL,NULL,NULL,NULL),(2558,2,8,885,NULL,NULL,NULL,NULL),(2559,2,9,885,NULL,NULL,NULL,NULL),(2560,2,10,885,NULL,NULL,NULL,NULL),(2561,2,11,885,NULL,NULL,NULL,NULL),(2562,2,12,885,NULL,NULL,NULL,NULL),(2563,2,13,885,NULL,NULL,NULL,NULL),(2564,2,14,885,NULL,NULL,NULL,NULL),(2565,2,15,885,NULL,NULL,NULL,NULL),(2566,2,16,885,NULL,NULL,NULL,NULL),(2567,2,17,885,NULL,NULL,NULL,NULL),(2568,2,18,885,NULL,NULL,NULL,NULL),(2569,2,19,885,NULL,NULL,NULL,NULL),(2570,2,20,885,NULL,NULL,NULL,NULL),(2571,2,21,885,NULL,NULL,NULL,NULL),(2572,2,22,885,NULL,NULL,NULL,NULL),(2573,2,23,885,NULL,NULL,NULL,NULL),(2574,2,24,885,NULL,NULL,NULL,NULL),(2575,2,25,885,NULL,NULL,NULL,NULL),(2576,2,26,885,NULL,NULL,NULL,NULL),(2577,2,27,885,NULL,NULL,NULL,NULL),(2578,2,28,885,NULL,NULL,NULL,NULL),(2579,2,29,885,NULL,NULL,NULL,NULL),(2580,2,30,885,NULL,NULL,NULL,NULL),(2581,2,1,289,NULL,NULL,NULL,NULL),(2582,2,2,289,NULL,NULL,NULL,NULL),(2583,2,3,289,NULL,NULL,NULL,NULL),(2584,2,4,289,NULL,NULL,NULL,NULL),(2585,2,5,289,NULL,NULL,NULL,NULL),(2586,2,6,289,NULL,NULL,NULL,NULL),(2587,2,7,289,NULL,NULL,NULL,NULL),(2588,2,8,289,NULL,NULL,NULL,NULL),(2589,2,9,289,NULL,NULL,NULL,NULL),(2590,2,10,289,NULL,NULL,NULL,NULL),(2591,2,11,289,NULL,NULL,NULL,NULL),(2592,2,12,289,NULL,NULL,NULL,NULL),(2593,2,13,289,NULL,NULL,NULL,NULL),(2594,2,14,289,NULL,NULL,NULL,NULL),(2595,2,15,289,NULL,NULL,NULL,NULL),(2596,2,16,289,NULL,NULL,NULL,NULL),(2597,2,17,289,NULL,NULL,NULL,NULL),(2598,2,18,289,NULL,NULL,NULL,NULL),(2599,2,19,289,NULL,NULL,NULL,NULL),(2600,2,20,289,NULL,NULL,NULL,NULL),(2601,2,21,289,NULL,NULL,NULL,NULL),(2602,2,22,289,NULL,NULL,NULL,NULL),(2603,2,23,289,NULL,NULL,NULL,NULL),(2604,2,24,289,NULL,NULL,NULL,NULL),(2605,2,25,289,NULL,NULL,NULL,NULL),(2606,2,26,289,NULL,NULL,NULL,NULL),(2607,2,27,289,NULL,NULL,NULL,NULL),(2608,2,28,289,NULL,NULL,NULL,NULL),(2609,2,29,289,NULL,NULL,NULL,NULL),(2610,2,30,289,NULL,NULL,NULL,NULL),(2611,2,1,170,NULL,NULL,NULL,NULL),(2612,2,2,170,NULL,NULL,NULL,NULL),(2613,2,3,170,NULL,NULL,NULL,NULL),(2614,2,4,170,NULL,NULL,NULL,NULL),(2615,2,5,170,NULL,NULL,NULL,NULL),(2616,2,6,170,NULL,NULL,NULL,NULL),(2617,2,7,170,NULL,NULL,NULL,NULL),(2618,2,8,170,NULL,NULL,NULL,NULL),(2619,2,9,170,NULL,NULL,NULL,NULL),(2620,2,10,170,NULL,NULL,NULL,NULL),(2621,2,11,170,NULL,NULL,NULL,NULL),(2622,2,12,170,NULL,NULL,NULL,NULL),(2623,2,13,170,NULL,NULL,NULL,NULL),(2624,2,14,170,NULL,NULL,NULL,NULL),(2625,2,15,170,NULL,NULL,NULL,NULL),(2626,2,16,170,NULL,NULL,NULL,NULL),(2627,2,17,170,NULL,NULL,NULL,NULL),(2628,2,18,170,NULL,NULL,NULL,NULL),(2629,2,19,170,NULL,NULL,NULL,NULL),(2630,2,20,170,NULL,NULL,NULL,NULL),(2631,2,21,170,NULL,NULL,NULL,NULL),(2632,2,22,170,NULL,NULL,NULL,NULL),(2633,2,23,170,NULL,NULL,NULL,NULL),(2634,2,24,170,NULL,NULL,NULL,NULL),(2635,2,25,170,NULL,NULL,NULL,NULL),(2636,2,26,170,NULL,NULL,NULL,NULL),(2637,2,27,170,NULL,NULL,NULL,NULL),(2638,2,28,170,NULL,NULL,NULL,NULL),(2639,2,29,170,NULL,NULL,NULL,NULL),(2640,2,30,170,NULL,NULL,NULL,NULL),(2641,2,1,963,NULL,NULL,NULL,NULL),(2642,2,2,963,NULL,NULL,NULL,NULL),(2643,2,3,963,NULL,NULL,NULL,NULL),(2644,2,4,963,NULL,NULL,NULL,NULL),(2645,2,5,963,NULL,NULL,NULL,NULL),(2646,2,6,963,NULL,NULL,NULL,NULL),(2647,2,7,963,NULL,NULL,NULL,NULL),(2648,2,8,963,NULL,NULL,NULL,NULL),(2649,2,9,963,NULL,NULL,NULL,NULL),(2650,2,10,963,NULL,NULL,NULL,NULL),(2651,2,11,963,NULL,NULL,NULL,NULL),(2652,2,12,963,NULL,NULL,NULL,NULL),(2653,2,13,963,NULL,NULL,NULL,NULL),(2654,2,14,963,NULL,NULL,NULL,NULL),(2655,2,15,963,NULL,NULL,NULL,NULL),(2656,2,16,963,NULL,NULL,NULL,NULL),(2657,2,17,963,NULL,NULL,NULL,NULL),(2658,2,18,963,NULL,NULL,NULL,NULL),(2659,2,19,963,NULL,NULL,NULL,NULL),(2660,2,20,963,NULL,NULL,NULL,NULL),(2661,2,21,963,NULL,NULL,NULL,NULL),(2662,2,22,963,NULL,NULL,NULL,NULL),(2663,2,23,963,NULL,NULL,NULL,NULL),(2664,2,24,963,NULL,NULL,NULL,NULL),(2665,2,25,963,NULL,NULL,NULL,NULL),(2666,2,26,963,NULL,NULL,NULL,NULL),(2667,2,27,963,NULL,NULL,NULL,NULL),(2668,2,28,963,NULL,NULL,NULL,NULL),(2669,2,29,963,NULL,NULL,NULL,NULL),(2670,2,30,963,NULL,NULL,NULL,NULL),(2671,2,1,290,NULL,NULL,NULL,NULL),(2672,2,2,290,NULL,NULL,NULL,NULL),(2673,2,3,290,NULL,NULL,NULL,NULL),(2674,2,4,290,NULL,NULL,NULL,NULL),(2675,2,5,290,NULL,NULL,NULL,NULL),(2676,2,6,290,NULL,NULL,NULL,NULL),(2677,2,7,290,NULL,NULL,NULL,NULL),(2678,2,8,290,NULL,NULL,NULL,NULL),(2679,2,9,290,NULL,NULL,NULL,NULL),(2680,2,10,290,NULL,NULL,NULL,NULL),(2681,2,11,290,NULL,NULL,NULL,NULL),(2682,2,12,290,NULL,NULL,NULL,NULL),(2683,2,13,290,NULL,NULL,NULL,NULL),(2684,2,14,290,NULL,NULL,NULL,NULL),(2685,2,15,290,NULL,NULL,NULL,NULL),(2686,2,16,290,NULL,NULL,NULL,NULL),(2687,2,17,290,NULL,NULL,NULL,NULL),(2688,2,18,290,NULL,NULL,NULL,NULL),(2689,2,19,290,NULL,NULL,NULL,NULL),(2690,2,20,290,NULL,NULL,NULL,NULL),(2691,2,21,290,NULL,NULL,NULL,NULL),(2692,2,22,290,NULL,NULL,NULL,NULL),(2693,2,23,290,NULL,NULL,NULL,NULL),(2694,2,24,290,NULL,NULL,NULL,NULL),(2695,2,25,290,NULL,NULL,NULL,NULL),(2696,2,26,290,NULL,NULL,NULL,NULL),(2697,2,27,290,NULL,NULL,NULL,NULL),(2698,2,28,290,NULL,NULL,NULL,NULL),(2699,2,29,290,NULL,NULL,NULL,NULL),(2700,2,30,290,NULL,NULL,NULL,NULL),(2701,2,1,440,NULL,NULL,NULL,NULL),(2702,2,2,440,NULL,NULL,NULL,NULL),(2703,2,3,440,NULL,NULL,NULL,NULL),(2704,2,4,440,NULL,NULL,NULL,NULL),(2705,2,5,440,NULL,NULL,NULL,NULL),(2706,2,6,440,NULL,NULL,NULL,NULL),(2707,2,7,440,NULL,NULL,NULL,NULL),(2708,2,8,440,NULL,NULL,NULL,NULL),(2709,2,9,440,NULL,NULL,NULL,NULL),(2710,2,10,440,NULL,NULL,NULL,NULL),(2711,2,11,440,NULL,NULL,NULL,NULL),(2712,2,12,440,NULL,NULL,NULL,NULL),(2713,2,13,440,NULL,NULL,NULL,NULL),(2714,2,14,440,NULL,NULL,NULL,NULL),(2715,2,15,440,NULL,NULL,NULL,NULL),(2716,2,16,440,NULL,NULL,NULL,NULL),(2717,2,17,440,NULL,NULL,NULL,NULL),(2718,2,18,440,NULL,NULL,NULL,NULL),(2719,2,19,440,NULL,NULL,NULL,NULL),(2720,2,20,440,NULL,NULL,NULL,NULL),(2721,2,21,440,NULL,NULL,NULL,NULL),(2722,2,22,440,NULL,NULL,NULL,NULL),(2723,2,23,440,NULL,NULL,NULL,NULL),(2724,2,24,440,NULL,NULL,NULL,NULL),(2725,2,25,440,NULL,NULL,NULL,NULL),(2726,2,26,440,NULL,NULL,NULL,NULL),(2727,2,27,440,NULL,NULL,NULL,NULL),(2728,2,28,440,NULL,NULL,NULL,NULL),(2729,2,29,440,NULL,NULL,NULL,NULL),(2730,2,30,440,NULL,NULL,NULL,NULL),(2731,2,1,163,NULL,NULL,NULL,NULL),(2732,2,2,163,NULL,NULL,NULL,NULL),(2733,2,3,163,NULL,NULL,NULL,NULL),(2734,2,4,163,NULL,NULL,NULL,NULL),(2735,2,5,163,NULL,NULL,NULL,NULL),(2736,2,6,163,NULL,NULL,NULL,NULL),(2737,2,7,163,NULL,NULL,NULL,NULL),(2738,2,8,163,NULL,NULL,NULL,NULL),(2739,2,9,163,NULL,NULL,NULL,NULL),(2740,2,10,163,NULL,NULL,NULL,NULL),(2741,2,11,163,NULL,NULL,NULL,NULL),(2742,2,12,163,NULL,NULL,NULL,NULL),(2743,2,13,163,NULL,NULL,NULL,NULL),(2744,2,14,163,NULL,NULL,NULL,NULL),(2745,2,15,163,NULL,NULL,NULL,NULL),(2746,2,16,163,NULL,NULL,NULL,NULL),(2747,2,17,163,NULL,NULL,NULL,NULL),(2748,2,18,163,NULL,NULL,NULL,NULL),(2749,2,19,163,NULL,NULL,NULL,NULL),(2750,2,20,163,NULL,NULL,NULL,NULL),(2751,2,21,163,NULL,NULL,NULL,NULL),(2752,2,22,163,NULL,NULL,NULL,NULL),(2753,2,23,163,NULL,NULL,NULL,NULL),(2754,2,24,163,NULL,NULL,NULL,NULL),(2755,2,25,163,NULL,NULL,NULL,NULL),(2756,2,26,163,NULL,NULL,NULL,NULL),(2757,2,27,163,NULL,NULL,NULL,NULL),(2758,2,28,163,NULL,NULL,NULL,NULL),(2759,2,29,163,NULL,NULL,NULL,NULL),(2760,2,30,163,NULL,NULL,NULL,NULL);

/*Table structure for table `tbl_faculty_evaluation_session` */

DROP TABLE IF EXISTS `tbl_faculty_evaluation_session`;

CREATE TABLE `tbl_faculty_evaluation_session` (
  `id` int(11) NOT NULL AUTO_INCREMENT,
  `question_set_id` int(11) DEFAULT NULL,
  `title` varchar(75) DEFAULT NULL,
  `description` varchar(100) DEFAULT NULL,
  `start_date` datetime DEFAULT NULL,
  `end_date` datetime DEFAULT NULL,
  `faculty_id` int(11) DEFAULT NULL,
  `dcreated` datetime DEFAULT NULL,
  `dmodified` datetime DEFAULT NULL,
  `created_by` varchar(50) DEFAULT NULL,
  `modified_by` varchar(50) DEFAULT NULL,
  PRIMARY KEY (`id`)
) ENGINE=InnoDB AUTO_INCREMENT=3 DEFAULT CHARSET=latin1;

/*Data for the table `tbl_faculty_evaluation_session` */

insert  into `tbl_faculty_evaluation_session`(`id`,`question_set_id`,`title`,`description`,`start_date`,`end_date`,`faculty_id`,`dcreated`,`dmodified`,`created_by`,`modified_by`) values (1,1,NULL,NULL,'2013-03-11 08:00:00','2013-03-11 17:00:00',1,NULL,NULL,'darryl.anaud',NULL),(2,1,NULL,NULL,'2013-03-12 08:00:00','2013-03-12 17:00:00',2,NULL,NULL,'darryl.anaud',NULL);

/*Table structure for table `tbl_preset` */

DROP TABLE IF EXISTS `tbl_preset`;

CREATE TABLE `tbl_preset` (
  `id` int(11) NOT NULL AUTO_INCREMENT,
  `description` varchar(100) DEFAULT NULL,
  `dcreated` datetime DEFAULT NULL,
  `dmodified` datetime DEFAULT NULL,
  `created_by` varchar(50) DEFAULT NULL,
  `modified_by` varchar(50) DEFAULT NULL,
  PRIMARY KEY (`id`)
) ENGINE=InnoDB AUTO_INCREMENT=2 DEFAULT CHARSET=latin1;

/*Data for the table `tbl_preset` */

insert  into `tbl_preset`(`id`,`description`,`dcreated`,`dmodified`,`created_by`,`modified_by`) values (1,'Evaluation Rating Scale (5-Highest 1-Lowest)','2013-02-24 20:08:03',NULL,'darryl.anaud',NULL);

/*Table structure for table `tbl_preset_choices` */

DROP TABLE IF EXISTS `tbl_preset_choices`;

CREATE TABLE `tbl_preset_choices` (
  `id` int(11) NOT NULL AUTO_INCREMENT,
  `preset_id` int(11) DEFAULT NULL,
  `description` varchar(250) DEFAULT NULL,
  `correct_flag` tinyint(1) DEFAULT NULL,
  PRIMARY KEY (`id`)
) ENGINE=InnoDB AUTO_INCREMENT=6 DEFAULT CHARSET=latin1;

/*Data for the table `tbl_preset_choices` */

insert  into `tbl_preset_choices`(`id`,`preset_id`,`description`,`correct_flag`) values (1,1,'1',0),(2,1,'2',0),(3,1,'3',0),(4,1,'4',0),(5,1,'5',0);

/*Table structure for table `tbl_question` */

DROP TABLE IF EXISTS `tbl_question`;

CREATE TABLE `tbl_question` (
  `id` int(11) NOT NULL AUTO_INCREMENT,
  `question_set_id` int(11) DEFAULT NULL,
  `classification_id` int(11) DEFAULT NULL,
  `category_id` int(11) DEFAULT NULL,
  `description` varchar(250) DEFAULT NULL,
  `order_position` tinyint(3) DEFAULT NULL,
  `dcreated` datetime DEFAULT NULL,
  `dmodified` datetime DEFAULT NULL,
  `createdby` varchar(30) DEFAULT NULL,
  `modifiedby` varchar(30) DEFAULT NULL,
  PRIMARY KEY (`id`)
) ENGINE=InnoDB AUTO_INCREMENT=32 DEFAULT CHARSET=latin1;

/*Data for the table `tbl_question` */

insert  into `tbl_question`(`id`,`question_set_id`,`classification_id`,`category_id`,`description`,`order_position`,`dcreated`,`dmodified`,`createdby`,`modifiedby`) values (1,1,5,1,'Explains clearly the learning objectives of the lesson',1,'2013-02-24 20:00:21',NULL,'darryl.anaud',NULL),(2,1,5,1,'Presents ideas and concepts in a clear and organized manner',2,'2013-02-24 20:01:25',NULL,'darryl.anaud',NULL),(3,1,5,1,'Relates subject matter/lesson to other subjects and its practical applications',3,'2013-02-24 20:02:29',NULL,'darryl.anaud',NULL),(4,1,5,1,'Encourages questions from students; stimulates interest, thinking, and discussion in the class',4,'2013-02-24 20:02:45',NULL,'darryl.anaud',NULL),(5,1,5,1,'Is well prepared for class; shows master of the subject matter',5,'2013-02-24 20:03:07',NULL,'darryl.anaud',NULL),(6,1,5,1,'Makes use of effective teaching aids and methods to ensure students understanding',6,'2013-02-24 20:05:20',NULL,'darryl.anaud',NULL),(7,1,5,1,'Stands and moves around while conducting classroom lectures and activites',7,'2013-02-24 20:05:47',NULL,'darryl.anaud',NULL),(8,1,5,1,'Writing on the board is legible/readable',8,'2013-02-24 20:06:13',NULL,'darryl.anaud',NULL),(9,1,5,2,'Has clearly-defined basis for grading students',9,'2013-02-24 20:18:07',NULL,'darryl.anaud',NULL),(10,1,5,2,'Gives tests and practical exercises that are well prepared and are easily understood as good measure of what the students have learned',10,'2013-02-24 20:19:00',NULL,'darryl.anaud',NULL),(11,1,5,2,'Practices fairness; avoids favoritism',11,'2013-02-24 20:19:32',NULL,'darryl.anaud',NULL),(12,1,5,3,'Makes sure the students maintain cleanliness and orderliness in the classroom',12,'2013-02-24 20:20:00',NULL,'darryl.anaud',NULL),(13,1,5,3,'Is strict but reasonable in disciplining students; handles classroom misbehavior effectively in a timely manner',13,'2013-02-24 20:20:51',NULL,'darryl.anaud',NULL),(14,1,5,3,'Observes classroom courtesy; talks to students in a polite manner',14,'2013-02-24 20:21:35',NULL,'darryl.anaud',NULL),(15,1,5,3,'Handles classroom misbehavior effectively and professionally',15,'2013-02-24 20:22:02',NULL,'darryl.anaud',NULL),(16,1,5,4,'Shows genuine interest in students; gives recognition to deserving students',16,'2013-02-24 20:22:41',NULL,'darryl.anaud',NULL),(17,1,5,4,'Shows respect and consideration for students opinions and suggestions',17,'2013-02-24 20:23:14',NULL,'darryl.anaud',NULL),(18,1,5,4,'Uses the last few minutes of classroom hours and breaks for consultation',18,'2013-02-24 20:23:58',NULL,'darryl.anaud',NULL),(19,1,5,4,'Understands and addresses the individual differences of students; has genuine empathy for their welfare',19,'2013-02-24 20:24:24',NULL,'darryl.anaud',NULL),(20,1,5,4,'Is a good role model for proper conduct and good values',20,'2013-02-24 20:24:44',NULL,'darryl.anaud',NULL),(21,1,5,5,'Is neat, clean and well-groomed',21,'2013-02-24 20:25:31',NULL,'darryl.anaud',NULL),(22,1,5,5,'Uses corporate attire/uniform from Monday to Friday',22,NULL,NULL,NULL,NULL),(23,1,5,5,'Uses the English language as the medium of instruction (except in Filipino subjects)',23,'2013-02-24 20:28:57',NULL,'darryl.anaud',NULL),(24,1,5,5,'Treats students as mature individuals',24,'2013-02-24 20:29:42',NULL,'darryl.anaud',NULL),(25,1,5,6,'Attends the class regularly',25,'2013-02-24 20:30:06',NULL,'darryl.anaud',NULL),(26,1,5,7,'Comes to class on time',26,'2013-02-24 20:30:26',NULL,'darryl.anaud',NULL),(27,1,5,8,'Dismisses the class on time',27,'2013-02-24 20:30:54',NULL,'darryl.anaud',NULL),(28,1,5,9,'Joins social activities of students OUTSIDE of school',28,'2013-02-24 20:31:34',NULL,'darryl.anaud',NULL),(29,1,2,10,'What is the best professional attribute of this instructor?',29,'2013-02-24 20:32:06',NULL,'darryl.anaud',NULL),(30,1,2,10,'What is the most critical are for improvement of this instructor?',30,'2013-02-24 20:32:32',NULL,'darryl.anaud',NULL),(31,2,1,6,'Test',1,'2013-02-28 14:04:10',NULL,'darryl.anaud',NULL);

/*Table structure for table `tbl_question_choices` */

DROP TABLE IF EXISTS `tbl_question_choices`;

CREATE TABLE `tbl_question_choices` (
  `id` int(11) NOT NULL AUTO_INCREMENT,
  `question_id` int(11) DEFAULT NULL,
  `description` varchar(250) DEFAULT NULL,
  `position` tinyint(3) DEFAULT NULL,
  `correct_flag` tinyint(1) DEFAULT NULL,
  PRIMARY KEY (`id`)
) ENGINE=InnoDB AUTO_INCREMENT=142 DEFAULT CHARSET=latin1;

/*Data for the table `tbl_question_choices` */

insert  into `tbl_question_choices`(`id`,`question_id`,`description`,`position`,`correct_flag`) values (1,8,'1 - Poor/Never/Hindi',NULL,0),(2,8,'2 - Fair/Rarely/Halos Hindi',NULL,0),(3,8,'3 - Good/Sometimes/Minsan',NULL,0),(4,8,'4 - Very Good/Frequently/Madalas',NULL,0),(5,8,'5 - Outstanding/Always/Palagi',NULL,0),(6,7,'1 - Poor/Never/Hindi',NULL,0),(7,7,'2 - Fair/Rarely/Halos Hindi',NULL,0),(8,7,'3 - Good/Sometimes/Minsan',NULL,0),(9,7,'4 - Very Good/Frequently/Madalas',NULL,0),(10,7,'5 - Outstanding/Always/Palagi',NULL,0),(11,6,'1 - Poor/Never/Hindi',NULL,0),(12,6,'2 - Fair/Rarely/Halos Hindi',NULL,0),(13,6,'3 - Good/Sometimes/Minsan',NULL,0),(14,6,'4 - Very Good/Frequently/Madalas',NULL,0),(15,6,'5 - Outstanding/Always/Palagi',NULL,0),(16,4,'1 - Poor/Never/Hindi',NULL,0),(17,4,'2 - Fair/Rarely/Halos Hindi',NULL,0),(18,4,'3 - Good/Sometimes/Minsan',NULL,0),(19,4,'4 - Very Good/Frequently/Madalas',NULL,0),(20,4,'5 - Outstanding/Always/Palagi',NULL,0),(21,5,'1 - Poor/Never/Hindi',NULL,0),(22,5,'2 - Fair/Rarely/Halos Hindi',NULL,0),(23,5,'3 - Good/Sometimes/Minsan',NULL,0),(24,5,'4 - Very Good/Frequently/Madalas',NULL,0),(25,5,'5 - Outstanding/Always/Palagi',NULL,0),(26,3,'1 - Poor/Never/Hindi',NULL,0),(27,3,'2 - Fair/Rarely/Halos Hindi',NULL,0),(28,3,'3 - Good/Sometimes/Minsan',NULL,0),(29,3,'4 - Very Good/Frequently/Madalas',NULL,0),(30,3,'5 - Outstanding/Always/Palagi',NULL,0),(31,2,'1 - Poor/Never/Hindi',NULL,0),(32,2,'2 - Fair/Rarely/Halos Hindi',NULL,0),(33,2,'3 - Good/Sometimes/Minsan',NULL,0),(34,2,'4 - Very Good/Frequently/Madalas',NULL,0),(35,2,'5 - Outstanding/Always/Palagi',NULL,0),(36,1,'1 - Poor/Never/Hindi',NULL,0),(37,1,'2 - Fair/Rarely/Halos Hindi',NULL,0),(38,1,'3 - Good/Sometimes/Minsan',NULL,0),(39,1,'4 - Very Good/Frequently/Madalas',NULL,0),(40,1,'5 - Outstanding/Always/Palagi',NULL,0),(41,9,'1 - Poor/Never/Hindi',NULL,0),(42,9,'2 - Fair/Rarely/Halos Hindi',NULL,0),(43,9,'3 - Good/Sometimes/Minsan',NULL,0),(44,9,'4 - Very Good/Frequently/Madalas',NULL,0),(45,9,'5 - Outstanding/Always/Palagi',NULL,0),(46,10,'1 - Poor/Never/Hindi',NULL,0),(47,10,'2 - Fair/Rarely/Halos Hindi',NULL,0),(48,10,'3 - Good/Sometimes/Minsan',NULL,0),(49,10,'4 - Very Good/Frequently/Madalas',NULL,0),(50,10,'5 - Outstanding/Always/Palagi',NULL,0),(51,11,'1 - Poor/Never/Hindi',NULL,0),(52,11,'2 - Fair/Rarely/Halos Hindi',NULL,0),(53,11,'3 - Good/Sometimes/Minsan',NULL,0),(54,11,'4 - Very Good/Frequently/Madalas',NULL,0),(55,11,'5 - Outstanding/Always/Palagi',NULL,0),(56,28,'1 - Poor/Never/Hindi',NULL,0),(57,28,'2 - Fair/Rarely/Halos Hindi',NULL,0),(58,28,'3 - Good/Sometimes/Minsan',NULL,0),(59,28,'4 - Very Good/Frequently/Madalas',NULL,0),(60,28,'5 - Outstanding/Always/Palagi',NULL,0),(61,27,'1 - Poor/Never/Hindi',NULL,0),(62,27,'2 - Fair/Rarely/Halos Hindi',NULL,0),(63,27,'3 - Good/Sometimes/Minsan',NULL,0),(64,27,'4 - Very Good/Frequently/Madalas',NULL,0),(65,27,'5 - Outstanding/Always/Palagi',NULL,0),(66,26,'1 - Poor/Never/Hindi',NULL,0),(67,26,'2 - Fair/Rarely/Halos Hindi',NULL,0),(68,26,'3 - Good/Sometimes/Minsan',NULL,0),(69,26,'4 - Very Good/Frequently/Madalas',NULL,0),(70,26,'5 - Outstanding/Always/Palagi',NULL,0),(71,25,'1 - Poor/Never/Hindi',NULL,0),(72,25,'2 - Fair/Rarely/Halos Hindi',NULL,0),(73,25,'3 - Good/Sometimes/Minsan',NULL,0),(74,25,'4 - Very Good/Frequently/Madalas',NULL,0),(75,25,'5 - Outstanding/Always/Palagi',NULL,0),(76,24,'1 - Poor/Never/Hindi',NULL,0),(77,24,'2 - Fair/Rarely/Halos Hindi',NULL,0),(78,24,'3 - Good/Sometimes/Minsan',NULL,0),(79,24,'4 - Very Good/Frequently/Madalas',NULL,0),(80,24,'5 - Outstanding/Always/Palagi',NULL,0),(81,23,'1 - Poor/Never/Hindi',NULL,0),(82,23,'2 - Fair/Rarely/Halos Hindi',NULL,0),(83,23,'3 - Good/Sometimes/Minsan',NULL,0),(84,23,'4 - Very Good/Frequently/Madalas',NULL,0),(85,23,'5 - Outstanding/Always/Palagi',NULL,0),(86,22,'1 - Poor/Never/Hindi',NULL,0),(87,22,'2 - Fair/Rarely/Halos Hindi',NULL,0),(88,22,'3 - Good/Sometimes/Minsan',NULL,0),(89,22,'4 - Very Good/Frequently/Madalas',NULL,0),(90,22,'5 - Outstanding/Always/Palagi',NULL,0),(91,21,'1 - Poor/Never/Hindi',NULL,0),(92,21,'2 - Fair/Rarely/Halos Hindi',NULL,0),(93,21,'3 - Good/Sometimes/Minsan',NULL,0),(94,21,'4 - Very Good/Frequently/Madalas',NULL,0),(95,21,'5 - Outstanding/Always/Palagi',NULL,0),(96,20,'1 - Poor/Never/Hindi',NULL,0),(97,20,'2 - Fair/Rarely/Halos Hindi',NULL,0),(98,20,'3 - Good/Sometimes/Minsan',NULL,0),(99,20,'4 - Very Good/Frequently/Madalas',NULL,0),(100,20,'5 - Outstanding/Always/Palagi',NULL,0),(101,19,'1 - Poor/Never/Hindi',NULL,0),(102,19,'2 - Fair/Rarely/Halos Hindi',NULL,0),(103,19,'3 - Good/Sometimes/Minsan',NULL,0),(104,19,'4 - Very Good/Frequently/Madalas',NULL,0),(105,19,'5 - Outstanding/Always/Palagi',NULL,0),(106,18,'1 - Poor/Never/Hindi',NULL,0),(107,18,'2 - Fair/Rarely/Halos Hindi',NULL,0),(108,18,'3 - Good/Sometimes/Minsan',NULL,0),(109,18,'4 - Very Good/Frequently/Madalas',NULL,0),(110,18,'5 - Outstanding/Always/Palagi',NULL,0),(111,17,'1 - Poor/Never/Hindi',NULL,0),(112,17,'2 - Fair/Rarely/Halos Hindi',NULL,0),(113,17,'3 - Good/Sometimes/Minsan',NULL,0),(114,17,'4 - Very Good/Frequently/Madalas',NULL,0),(115,17,'5 - Outstanding/Always/Palagi',NULL,0),(116,16,'1 - Poor/Never/Hindi',NULL,0),(117,16,'2 - Fair/Rarely/Halos Hindi',NULL,0),(118,16,'3 - Good/Sometimes/Minsan',NULL,0),(119,16,'4 - Very Good/Frequently/Madalas',NULL,0),(120,16,'5 - Outstanding/Always/Palagi',NULL,0),(121,15,'1 - Poor/Never/Hindi',NULL,0),(122,15,'2 - Fair/Rarely/Halos Hindi',NULL,0),(123,15,'3 - Good/Sometimes/Minsan',NULL,0),(124,15,'4 - Very Good/Frequently/Madalas',NULL,0),(125,15,'5 - Outstanding/Always/Palagi',NULL,0),(126,14,'1 - Poor/Never/Hindi',NULL,0),(127,14,'2 - Fair/Rarely/Halos Hindi',NULL,0),(128,14,'3 - Good/Sometimes/Minsan',NULL,0),(129,14,'4 - Very Good/Frequently/Madalas',NULL,0),(130,14,'5 - Outstanding/Always/Palagi',NULL,0),(131,13,'1 - Poor/Never/Hindi',NULL,0),(132,13,'2 - Fair/Rarely/Halos Hindi',NULL,0),(133,13,'3 - Good/Sometimes/Minsan',NULL,0),(134,13,'4 - Very Good/Frequently/Madalas',NULL,0),(135,13,'5 - Outstanding/Always/Palagi',NULL,0),(136,12,'1 - Poor/Never/Hindi',NULL,0),(137,12,'2 - Fair/Rarely/Halos Hindi',NULL,0),(138,12,'3 - Good/Sometimes/Minsan',NULL,0),(139,12,'4 - Very Good/Frequently/Madalas',NULL,0),(140,12,'5 - Outstanding/Always/Palagi',NULL,0),(141,31,'Test 123',NULL,0);

/*Table structure for table `tbl_question_set` */

DROP TABLE IF EXISTS `tbl_question_set`;

CREATE TABLE `tbl_question_set` (
  `id` int(11) NOT NULL AUTO_INCREMENT,
  `name` varchar(50) DEFAULT NULL,
  `description` varchar(150) DEFAULT NULL,
  `timePerQuestion` int(4) DEFAULT '0',
  `dcreated` datetime DEFAULT NULL,
  `dmodified` datetime DEFAULT NULL,
  `createdby` varchar(30) DEFAULT NULL,
  `modifiedby` varchar(30) DEFAULT NULL,
  `is_delete` tinyint(1) DEFAULT NULL,
  PRIMARY KEY (`id`)
) ENGINE=MyISAM AUTO_INCREMENT=3 DEFAULT CHARSET=latin1;

/*Data for the table `tbl_question_set` */

insert  into `tbl_question_set`(`id`,`name`,`description`,`timePerQuestion`,`dcreated`,`dmodified`,`createdby`,`modifiedby`,`is_delete`) values (1,'RD-004 REV 04','STUDENT\'S EVALUATION OF FACULTY MEMBERS',0,'2013-02-24 19:56:47',NULL,'darryl.anaud',NULL,NULL),(2,'Test eval','Test',0,'2013-02-25 11:55:23',NULL,'darryl.anaud',NULL,NULL);

/*Table structure for table `tbl_user` */

DROP TABLE IF EXISTS `tbl_user`;

CREATE TABLE `tbl_user` (
  `id` int(11) NOT NULL AUTO_INCREMENT,
  `username` varchar(100) NOT NULL,
  `password` varchar(40) NOT NULL,
  `salt` char(40) DEFAULT NULL,
  `user_type_code` varchar(10) DEFAULT NULL,
  `STUDCODE` int(11) DEFAULT NULL,
  `STUDIDNO` char(10) DEFAULT NULL,
  `ADVICODE` int(11) DEFAULT NULL,
  `ADVIIDNO` char(10) DEFAULT NULL,
  `PARECODE` int(11) DEFAULT NULL,
  `PAREIDNO` char(10) DEFAULT NULL,
  `dmodified` timestamp NOT NULL DEFAULT CURRENT_TIMESTAMP ON UPDATE CURRENT_TIMESTAMP,
  `modified_by` varchar(100) DEFAULT NULL,
  PRIMARY KEY (`id`)
) ENGINE=MyISAM AUTO_INCREMENT=16 DEFAULT CHARSET=latin1;

/*Data for the table `tbl_user` */

insert  into `tbl_user`(`id`,`username`,`password`,`salt`,`user_type_code`,`STUDCODE`,`STUDIDNO`,`ADVICODE`,`ADVIIDNO`,`PARECODE`,`PAREIDNO`,`dmodified`,`modified_by`) values (1,'darryl.anaud','916cb67aa119d20627f839ad29a5068bbee2ca83',NULL,'ADMIN',NULL,NULL,NULL,NULL,NULL,NULL,'2012-05-01 09:19:07',NULL),(2,'richard.base','cee8da72db7d001cb40ae3314887380cc4a6882e',NULL,'ADMIN',NULL,NULL,NULL,NULL,NULL,NULL,'2012-05-02 16:52:53',NULL),(3,'maribeth.rivas','1409957c57942079d4139f6c8cdf647d4b32cfc2',NULL,'ADMIN',NULL,NULL,NULL,NULL,NULL,NULL,'2012-05-02 16:52:31',NULL),(5,'niz.nolasco','37e5c9b2528b6c6e8fc4da450626efd0d77f669f',NULL,'ADMIN',NULL,NULL,NULL,NULL,NULL,NULL,'2012-05-02 16:52:43',NULL),(12,'apple.aala','85ecc3653e1fbee400eefba07b9adc2d7b79e62e',NULL,'STUD',287,'3F7N010259',NULL,NULL,NULL,NULL,'2012-05-04 06:30:28',NULL),(13,'staff','14fb1e49a92d35e952854a9f4a9740252025b0d5',NULL,'ADMIN',NULL,NULL,NULL,NULL,NULL,NULL,'2013-02-25 20:41:50',NULL),(14,'greg','62fd1ecd141171aa41a7b0986c83882b3e3bb743',NULL,'ADMIN',NULL,NULL,NULL,NULL,NULL,NULL,'2012-11-29 21:47:13',NULL),(15,'gary','89552e831c92fd37035401d8d46c9ef4dc82e5c6',NULL,'ADMIN',NULL,NULL,NULL,NULL,NULL,NULL,'2013-02-25 20:42:31',NULL);

/*Table structure for table `tbl_user_type` */

DROP TABLE IF EXISTS `tbl_user_type`;

CREATE TABLE `tbl_user_type` (
  `id` int(11) NOT NULL AUTO_INCREMENT,
  `code` varchar(10) NOT NULL,
  `description` varchar(128) NOT NULL,
  PRIMARY KEY (`id`,`code`)
) ENGINE=MyISAM AUTO_INCREMENT=5 DEFAULT CHARSET=latin1;

/*Data for the table `tbl_user_type` */

insert  into `tbl_user_type`(`id`,`code`,`description`) values (1,'ADMIN','Administrator'),(2,'FACU','Faculty'),(3,'STUD','Student'),(4,'PRNT','Parent');

/*Table structure for table `test_table` */

DROP TABLE IF EXISTS `test_table`;

CREATE TABLE `test_table` (
  `id` int(11) NOT NULL,
  `test` varchar(50) DEFAULT NULL,
  PRIMARY KEY (`id`)
) ENGINE=InnoDB DEFAULT CHARSET=latin1;

/*Data for the table `test_table` */

/*!40101 SET SQL_MODE=@OLD_SQL_MODE */;
/*!40014 SET FOREIGN_KEY_CHECKS=@OLD_FOREIGN_KEY_CHECKS */;
/*!40014 SET UNIQUE_CHECKS=@OLD_UNIQUE_CHECKS */;
/*!40111 SET SQL_NOTES=@OLD_SQL_NOTES */;
